date,sku_id,on_hand_units,on_order_units,lead_time_days,reorder_point,safety_stock,stock_status,inventory_risk
2025-12-22,SKU00001,215,0,7,100,33,SUFFICIENT STOCK,False
2025-10-11,SKU00002,0,0,7,882,324,OUT OF STOCK,True
2025-12-13,SKU00003,414,0,7,250,85,SUFFICIENT STOCK,False
2025-12-03,SKU00004,148,0,7,99,35,SUFFICIENT STOCK,False
2025-12-26,SKU00005,411,0,7,284,104,SUFFICIENT STOCK,False
2025-12-29,SKU00006,621,0,7,324,130,SUFFICIENT STOCK,False
2025-12-05,SKU00007,87,0,7,163,54,REORDER REQUIRED,True
2025-12-29,SKU00009,85,0,7,154,39,REORDER REQUIRED,True
2025-11-11,SKU00011,3,0,7,35,17,REORDER REQUIRED,True
2025-12-17,SKU00013,314,0,7,145,55,SUFFICIENT STOCK,False
2025-11-28,SKU00014,33,0,7,76,17,REORDER REQUIRED,True
2025-11-05,SKU00015,79,0,7,28,12,SUFFICIENT STOCK,False
2025-11-24,SKU00016,106,0,7,56,22,SUFFICIENT STOCK,False
2025-12-15,SKU00017,77,0,7,55,19,SUFFICIENT STOCK,False
2025-12-20,SKU00018,148,0,7,188,55,REORDER REQUIRED,True
2025-11-25,SKU00019,120,0,7,86,40,SUFFICIENT STOCK,True
2025-10-06,SKU00020,0,0,7,760,284,OUT OF STOCK,True
2025-12-22,SKU00021,252,0,7,111,43,SUFFICIENT STOCK,False
2025-11-05,SKU00023,20,0,7,39,13,REORDER REQUIRED,True
2025-08-29,SKU00024,6453,0,7,1467,490,SUFFICIENT STOCK,False
2025-12-30,SKU00025,213,0,7,169,57,SUFFICIENT STOCK,True
2025-11-14,SKU00026,81,0,7,51,24,SUFFICIENT STOCK,False
2025-11-21,SKU00027,204,0,7,113,39,SUFFICIENT STOCK,False
2025-12-14,SKU00028,371,0,7,247,76,SUFFICIENT STOCK,False
2025-12-19,SKU00030,82,0,7,105,44,REORDER REQUIRED,True
2025-12-29,SKU00031,508,0,7,270,76,SUFFICIENT STOCK,False
2025-12-22,SKU00032,112,0,7,184,63,REORDER REQUIRED,True
2025-12-24,SKU00033,136,0,7,64,18,SUFFICIENT STOCK,False
2025-12-24,SKU00034,136,0,7,113,49,SUFFICIENT STOCK,True
2025-12-28,SKU00035,594,0,7,298,113,SUFFICIENT STOCK,False
2025-11-25,SKU00036,134,0,7,85,25,SUFFICIENT STOCK,False
2025-12-23,SKU00037,334,0,7,143,61,SUFFICIENT STOCK,False
2025-11-30,SKU00038,18,0,7,49,24,REORDER REQUIRED,True
2025-11-21,SKU00039,290,0,7,179,56,SUFFICIENT STOCK,False
2025-11-04,SKU00040,101,0,7,84,35,SUFFICIENT STOCK,True
2025-12-14,SKU00041,123,0,7,115,46,SUFFICIENT STOCK,True
2025-12-23,SKU00043,107,0,7,68,26,SUFFICIENT STOCK,False
2025-12-12,SKU00044,316,0,7,135,50,SUFFICIENT STOCK,False
2025-11-27,SKU00045,90,0,7,109,40,REORDER REQUIRED,True
2025-11-30,SKU00046,324,0,7,244,97,SUFFICIENT STOCK,True
2025-12-20,SKU00047,291,0,7,160,67,SUFFICIENT STOCK,False
2025-11-18,SKU00048,332,0,7,173,82,SUFFICIENT STOCK,False
2025-12-29,SKU00049,50,0,7,35,7,SUFFICIENT STOCK,False
2025-12-04,SKU00050,48,0,7,664,209,REORDER REQUIRED,True
2025-11-25,SKU00051,123,0,7,71,24,SUFFICIENT STOCK,False
2025-11-12,SKU00052,5399,0,7,1299,466,SUFFICIENT STOCK,False
2025-12-06,SKU00053,60,0,7,27,9,SUFFICIENT STOCK,False
2025-12-20,SKU00056,113,0,7,189,59,REORDER REQUIRED,True
2025-12-01,SKU00057,30,0,7,31,15,REORDER REQUIRED,True
2025-12-21,SKU00058,149,0,7,93,29,SUFFICIENT STOCK,False
2025-12-26,SKU00059,601,0,7,233,53,SUFFICIENT STOCK,False
2025-12-22,SKU00060,253,0,7,148,49,SUFFICIENT STOCK,False
2025-12-27,SKU00061,296,0,7,177,68,SUFFICIENT STOCK,False
2025-11-29,SKU00062,272,0,7,967,323,REORDER REQUIRED,True
2025-12-18,SKU00063,84,0,7,82,39,SUFFICIENT STOCK,True
2025-12-31,SKU00064,409,0,7,269,81,SUFFICIENT STOCK,False
2025-11-27,SKU00065,215,0,7,76,33,SUFFICIENT STOCK,False
2025-12-20,SKU00066,4837,0,7,1048,384,SUFFICIENT STOCK,False
2025-11-13,SKU00067,204,0,7,140,55,SUFFICIENT STOCK,False
2025-12-07,SKU00068,8,0,7,99,39,REORDER REQUIRED,True
2025-12-08,SKU00069,403,0,7,255,72,SUFFICIENT STOCK,False
2025-12-26,SKU00070,378,0,7,193,67,SUFFICIENT STOCK,False
2025-11-28,SKU00071,285,0,7,142,42,SUFFICIENT STOCK,False
2025-11-13,SKU00073,126,0,7,60,22,SUFFICIENT STOCK,False
2025-12-11,SKU00074,88,0,7,74,22,SUFFICIENT STOCK,True
2025-12-15,SKU00075,5552,0,7,1274,465,SUFFICIENT STOCK,False
2025-12-20,SKU00076,153,0,7,138,42,SUFFICIENT STOCK,True
2025-12-14,SKU00077,206,0,7,195,56,SUFFICIENT STOCK,True
2025-11-15,SKU00078,69,0,7,30,14,SUFFICIENT STOCK,False
2025-12-30,SKU00079,138,0,7,806,274,REORDER REQUIRED,True
2025-11-02,SKU00080,1,0,7,43,16,REORDER REQUIRED,True
2025-12-30,SKU00081,276,0,7,117,55,SUFFICIENT STOCK,False
2025-12-09,SKU00082,175,0,7,113,45,SUFFICIENT STOCK,False
2025-12-09,SKU00083,208,0,7,116,46,SUFFICIENT STOCK,False
2025-11-25,SKU00084,39,0,7,108,33,REORDER REQUIRED,True
2025-12-05,SKU00085,308,0,7,167,51,SUFFICIENT STOCK,False
2025-12-21,SKU00086,230,0,7,224,100,SUFFICIENT STOCK,True
2025-12-14,SKU00087,28,0,7,77,27,REORDER REQUIRED,True
2025-08-22,SKU00090,7868,0,7,1737,598,SUFFICIENT STOCK,False
2025-12-09,SKU00091,260,0,7,137,47,SUFFICIENT STOCK,False
2025-12-01,SKU00092,137,0,7,115,34,SUFFICIENT STOCK,True
2025-12-07,SKU00093,276,0,7,158,49,SUFFICIENT STOCK,False
2025-12-26,SKU00094,88,0,7,73,24,SUFFICIENT STOCK,True
2025-11-19,SKU00095,98,0,7,77,25,SUFFICIENT STOCK,True
2025-11-26,SKU00096,127,0,7,76,24,SUFFICIENT STOCK,False
2025-12-02,SKU00097,377,0,7,172,63,SUFFICIENT STOCK,False
2025-11-27,SKU00098,224,0,7,83,20,SUFFICIENT STOCK,False
2025-12-31,SKU00099,18,0,7,77,34,REORDER REQUIRED,True
2025-12-25,SKU00100,177,0,7,116,55,SUFFICIENT STOCK,False
2025-12-23,SKU00102,131,0,7,130,57,SUFFICIENT STOCK,True
2025-12-27,SKU00103,294,0,7,176,51,SUFFICIENT STOCK,False
2025-12-08,SKU00104,299,0,7,137,54,SUFFICIENT STOCK,False
2025-12-12,SKU00105,296,0,7,124,26,SUFFICIENT STOCK,False
2025-12-25,SKU00106,436,0,7,327,136,SUFFICIENT STOCK,True
2025-12-31,SKU00107,278,0,7,240,88,SUFFICIENT STOCK,True
2025-12-14,SKU00108,277,0,7,192,67,SUFFICIENT STOCK,False
2025-12-24,SKU00110,134,0,7,83,25,SUFFICIENT STOCK,False
2025-12-15,SKU00111,442,0,7,191,71,SUFFICIENT STOCK,False
2025-12-26,SKU00112,377,0,7,194,49,SUFFICIENT STOCK,False
2025-11-10,SKU00113,230,0,7,145,53,SUFFICIENT STOCK,False
2025-12-26,SKU00114,96,0,7,123,37,REORDER REQUIRED,True
2025-12-06,SKU00115,336,0,7,250,71,SUFFICIENT STOCK,False
2025-12-23,SKU00116,10,0,7,41,11,REORDER REQUIRED,True
2025-12-30,SKU00117,278,0,7,191,74,SUFFICIENT STOCK,False
2025-12-27,SKU00118,351,0,7,159,53,SUFFICIENT STOCK,False
2025-11-10,SKU00119,5,0,7,22,11,REORDER REQUIRED,True
2025-11-24,SKU00120,252,0,7,180,49,SUFFICIENT STOCK,False
2025-12-23,SKU00122,98,0,7,160,46,REORDER REQUIRED,True
2025-11-18,SKU00123,231,0,7,128,54,SUFFICIENT STOCK,False
2025-12-15,SKU00124,15,0,7,27,13,REORDER REQUIRED,True
2025-12-30,SKU00125,186,0,7,98,31,SUFFICIENT STOCK,False
2025-12-25,SKU00126,140,0,7,143,47,REORDER REQUIRED,True
2025-12-26,SKU00127,4986,0,7,1188,404,SUFFICIENT STOCK,False
2025-12-17,SKU00128,124,0,7,53,25,SUFFICIENT STOCK,False
2025-11-13,SKU00129,83,0,7,47,17,SUFFICIENT STOCK,False
2025-12-29,SKU00130,225,0,7,123,49,SUFFICIENT STOCK,False
2025-12-08,SKU00131,261,0,7,140,57,SUFFICIENT STOCK,False
2025-12-31,SKU00133,365,0,7,133,52,SUFFICIENT STOCK,False
2025-12-07,SKU00134,209,0,7,184,63,SUFFICIENT STOCK,True
2025-12-14,SKU00135,218,0,7,265,111,REORDER REQUIRED,True
2025-12-10,SKU00136,112,0,7,57,26,SUFFICIENT STOCK,False
2025-11-17,SKU00137,156,0,7,68,20,SUFFICIENT STOCK,False
2025-12-28,SKU00138,495,0,7,315,106,SUFFICIENT STOCK,False
2025-12-07,SKU00140,112,0,7,63,18,SUFFICIENT STOCK,False
2025-11-27,SKU00141,133,0,7,120,40,SUFFICIENT STOCK,True
2025-12-29,SKU00142,179,0,7,178,46,SUFFICIENT STOCK,True
2025-11-24,SKU00143,79,0,7,44,17,SUFFICIENT STOCK,False
2025-12-27,SKU00144,165,0,7,95,32,SUFFICIENT STOCK,False
2025-11-26,SKU00145,86,0,7,57,20,SUFFICIENT STOCK,False
2025-12-15,SKU00146,381,0,7,230,56,SUFFICIENT STOCK,False
2025-12-22,SKU00147,14,0,7,43,17,REORDER REQUIRED,True
2025-11-21,SKU00149,87,0,7,40,9,SUFFICIENT STOCK,False
2025-08-16,SKU00150,4618,0,7,971,330,SUFFICIENT STOCK,False
2025-12-27,SKU00151,261,0,7,89,22,SUFFICIENT STOCK,False
2025-12-24,SKU00153,174,0,7,103,32,SUFFICIENT STOCK,False
2025-11-01,SKU00154,46,0,7,41,12,SUFFICIENT STOCK,True
2025-09-01,SKU00155,7407,0,7,1674,608,SUFFICIENT STOCK,False
2025-11-21,SKU00156,171,0,7,159,36,SUFFICIENT STOCK,True
2025-11-27,SKU00157,321,0,7,208,68,SUFFICIENT STOCK,False
2025-12-23,SKU00159,400,0,7,165,44,SUFFICIENT STOCK,False
2025-12-25,SKU00160,76,0,7,46,14,SUFFICIENT STOCK,False
2025-12-24,SKU00161,52,0,7,27,10,SUFFICIENT STOCK,False
2025-12-29,SKU00162,84,0,7,57,20,SUFFICIENT STOCK,False
2025-11-28,SKU00163,179,0,7,60,23,SUFFICIENT STOCK,False
2025-11-10,SKU00166,167,0,7,90,39,SUFFICIENT STOCK,False
2025-08-31,SKU00167,6662,0,7,1563,578,SUFFICIENT STOCK,False
2025-11-24,SKU00168,52,0,7,93,27,REORDER REQUIRED,True
2025-10-05,SKU00169,0,0,7,667,234,OUT OF STOCK,True
2025-08-31,SKU00170,7177,0,7,1634,561,SUFFICIENT STOCK,False
2025-12-03,SKU00171,113,0,7,97,47,SUFFICIENT STOCK,True
2025-11-22,SKU00173,84,0,7,32,9,SUFFICIENT STOCK,False
2025-12-17,SKU00175,25,0,7,95,22,REORDER REQUIRED,True
2025-11-12,SKU00177,54,0,7,734,280,REORDER REQUIRED,True
2025-12-10,SKU00178,265,0,7,120,52,SUFFICIENT STOCK,False
2025-12-27,SKU00179,237,0,7,169,44,SUFFICIENT STOCK,False
2025-12-19,SKU00180,81,0,7,31,10,SUFFICIENT STOCK,False
2025-12-28,SKU00181,633,0,7,380,108,SUFFICIENT STOCK,False
2025-12-28,SKU00182,212,0,7,216,84,REORDER REQUIRED,True
2025-12-19,SKU00183,84,0,7,73,36,SUFFICIENT STOCK,True
2025-11-17,SKU00184,96,0,7,33,15,SUFFICIENT STOCK,False
2025-12-17,SKU00185,398,0,7,175,76,SUFFICIENT STOCK,False
2025-08-23,SKU00186,4390,0,7,994,324,SUFFICIENT STOCK,False
2025-11-14,SKU00188,101,0,7,52,15,SUFFICIENT STOCK,False
2025-12-29,SKU00189,103,0,7,86,32,SUFFICIENT STOCK,True
2025-10-10,SKU00190,0,0,7,931,313,OUT OF STOCK,True
2025-11-16,SKU00191,73,0,7,108,37,REORDER REQUIRED,True
2025-12-12,SKU00192,207,0,7,130,39,SUFFICIENT STOCK,False
2025-12-31,SKU00193,79,0,7,73,15,SUFFICIENT STOCK,True
2025-12-21,SKU00194,20,0,7,40,9,REORDER REQUIRED,True
2025-12-29,SKU00195,595,0,7,344,136,SUFFICIENT STOCK,False
2025-12-12,SKU00196,148,0,7,100,35,SUFFICIENT STOCK,False
2025-12-30,SKU00197,171,0,7,79,38,SUFFICIENT STOCK,False
2025-12-09,SKU00198,537,0,7,271,102,SUFFICIENT STOCK,False
2025-12-28,SKU00199,62,0,7,39,12,SUFFICIENT STOCK,False
2025-12-31,SKU00200,317,0,7,234,91,SUFFICIENT STOCK,True
2025-12-27,SKU00201,376,0,7,180,73,SUFFICIENT STOCK,False
2025-12-04,SKU00202,314,0,7,174,63,SUFFICIENT STOCK,False
2025-12-20,SKU00203,93,0,7,81,25,SUFFICIENT STOCK,True
2025-12-29,SKU00204,20,0,7,31,15,REORDER REQUIRED,True
2025-11-30,SKU00205,45,0,7,59,13,REORDER REQUIRED,True
2025-12-18,SKU00206,185,0,7,63,29,SUFFICIENT STOCK,False
2025-12-07,SKU00209,89,0,7,96,23,REORDER REQUIRED,True
2025-12-28,SKU00210,169,0,7,149,52,SUFFICIENT STOCK,True
2025-12-08,SKU00212,61,0,7,46,15,SUFFICIENT STOCK,False
2025-12-03,SKU00213,100,0,7,67,25,SUFFICIENT STOCK,False
2025-12-31,SKU00214,116,0,7,146,49,REORDER REQUIRED,True
2025-12-24,SKU00215,352,0,7,212,68,SUFFICIENT STOCK,False
2025-12-27,SKU00216,374,0,7,204,71,SUFFICIENT STOCK,False
2025-12-29,SKU00218,450,0,7,284,99,SUFFICIENT STOCK,False
2025-12-25,SKU00219,262,0,7,92,29,SUFFICIENT STOCK,False
2025-12-16,SKU00220,313,0,7,157,46,SUFFICIENT STOCK,False
2025-12-10,SKU00221,304,0,7,297,113,SUFFICIENT STOCK,True
2025-12-31,SKU00222,25,0,7,35,16,REORDER REQUIRED,True
2025-12-26,SKU00223,286,0,7,129,42,SUFFICIENT STOCK,False
2025-12-16,SKU00224,554,0,7,266,119,SUFFICIENT STOCK,False
2025-12-10,SKU00225,305,0,7,239,88,SUFFICIENT STOCK,True
2025-12-19,SKU00226,365,0,7,275,91,SUFFICIENT STOCK,True
2025-12-31,SKU00227,374,0,7,237,72,SUFFICIENT STOCK,False
2025-12-13,SKU00228,495,0,7,180,62,SUFFICIENT STOCK,False
2025-11-29,SKU00229,51,0,7,21,5,SUFFICIENT STOCK,False
2025-12-15,SKU00230,163,0,7,128,39,SUFFICIENT STOCK,True
2025-12-26,SKU00231,94,0,7,86,34,SUFFICIENT STOCK,True
2025-12-01,SKU00232,260,0,7,159,57,SUFFICIENT STOCK,False
2025-12-16,SKU00233,123,0,7,200,78,REORDER REQUIRED,True
2025-11-15,SKU00234,70,0,7,61,21,SUFFICIENT STOCK,True
2025-12-17,SKU00235,161,0,7,124,46,SUFFICIENT STOCK,True
2025-12-12,SKU00236,226,0,7,115,34,SUFFICIENT STOCK,False
2025-12-08,SKU00237,5621,0,7,1258,412,SUFFICIENT STOCK,False
2025-11-08,SKU00238,96,0,7,99,44,REORDER REQUIRED,True
2025-12-31,SKU00239,525,0,7,220,63,SUFFICIENT STOCK,False
2025-11-05,SKU00240,7712,0,7,1749,586,SUFFICIENT STOCK,False
2025-12-04,SKU00241,141,0,7,67,16,SUFFICIENT STOCK,False
2025-12-12,SKU00242,563,0,7,466,150,SUFFICIENT STOCK,True
2025-11-15,SKU00243,53,0,7,28,8,SUFFICIENT STOCK,False
2025-12-21,SKU00244,306,0,7,244,94,SUFFICIENT STOCK,True
2025-11-28,SKU00245,79,0,7,171,48,REORDER REQUIRED,True
2025-11-22,SKU00246,128,0,7,79,26,SUFFICIENT STOCK,False
2025-12-31,SKU00247,482,0,7,271,92,SUFFICIENT STOCK,False
2025-12-23,SKU00248,409,0,7,162,53,SUFFICIENT STOCK,False
2025-12-18,SKU00249,348,0,7,191,67,SUFFICIENT STOCK,False
2025-11-23,SKU00251,6107,0,7,1421,432,SUFFICIENT STOCK,False
2025-11-29,SKU00252,363,0,7,239,104,SUFFICIENT STOCK,False
2025-11-16,SKU00253,87,0,7,129,49,REORDER REQUIRED,True
2025-12-23,SKU00254,79,0,7,752,249,REORDER REQUIRED,True
2025-12-24,SKU00255,92,0,7,139,45,REORDER REQUIRED,True
2025-11-19,SKU00256,114,0,7,70,18,SUFFICIENT STOCK,False
2025-11-23,SKU00259,542,0,7,220,57,SUFFICIENT STOCK,False
2025-12-17,SKU00260,87,0,7,85,31,SUFFICIENT STOCK,True
2025-08-30,SKU00262,3516,0,7,889,306,SUFFICIENT STOCK,False
2025-12-16,SKU00263,110,0,7,678,249,REORDER REQUIRED,True
2025-12-20,SKU00264,311,0,7,1155,414,REORDER REQUIRED,True
2025-12-04,SKU00265,352,0,7,150,54,SUFFICIENT STOCK,False
2025-12-17,SKU00266,147,0,7,196,84,REORDER REQUIRED,True
2025-12-24,SKU00267,528,0,7,369,125,SUFFICIENT STOCK,False
2025-12-25,SKU00268,101,0,7,68,18,SUFFICIENT STOCK,False
2025-12-24,SKU00269,158,0,7,72,21,SUFFICIENT STOCK,False
2025-11-20,SKU00270,178,0,7,60,13,SUFFICIENT STOCK,False
2025-12-21,SKU00272,46,0,7,59,23,REORDER REQUIRED,True
2025-12-25,SKU00273,204,0,7,180,63,SUFFICIENT STOCK,True
2025-12-30,SKU00274,79,0,7,42,14,SUFFICIENT STOCK,False
2025-12-29,SKU00275,58,0,7,142,64,REORDER REQUIRED,True
2025-12-04,SKU00276,215,0,7,221,71,REORDER REQUIRED,True
2025-12-13,SKU00277,90,0,7,156,42,REORDER REQUIRED,True
2025-12-31,SKU00278,85,0,7,52,16,SUFFICIENT STOCK,False
2025-12-28,SKU00279,76,0,7,59,13,SUFFICIENT STOCK,False
2025-12-23,SKU00280,249,0,7,133,41,SUFFICIENT STOCK,False
2025-11-28,SKU00283,521,0,7,307,109,SUFFICIENT STOCK,False
2025-12-05,SKU00285,70,0,7,1032,365,REORDER REQUIRED,True
2025-12-21,SKU00286,306,0,7,849,345,REORDER REQUIRED,True
2025-12-17,SKU00287,191,0,7,68,31,SUFFICIENT STOCK,False
2025-12-30,SKU00288,379,0,7,152,44,SUFFICIENT STOCK,False
2025-12-18,SKU00289,292,0,7,297,103,REORDER REQUIRED,True
2025-12-20,SKU00291,59,0,7,698,254,REORDER REQUIRED,True
2025-11-27,SKU00292,263,0,7,136,37,SUFFICIENT STOCK,False
2025-11-28,SKU00293,156,0,7,178,86,REORDER REQUIRED,True
2025-12-17,SKU00294,253,0,7,203,84,SUFFICIENT STOCK,True
2025-12-23,SKU00295,250,0,7,269,113,REORDER REQUIRED,True
2025-11-23,SKU00296,487,0,7,174,72,SUFFICIENT STOCK,False
2025-12-31,SKU00298,388,0,7,330,110,SUFFICIENT STOCK,True
2025-12-20,SKU00299,115,0,7,57,21,SUFFICIENT STOCK,False
2025-12-01,SKU00301,233,0,7,113,30,SUFFICIENT STOCK,False
2025-11-24,SKU00302,331,0,7,234,69,SUFFICIENT STOCK,False
2025-12-23,SKU00303,115,0,7,53,20,SUFFICIENT STOCK,False
2025-12-06,SKU00304,31,0,7,21,5,SUFFICIENT STOCK,False
2025-08-28,SKU00305,6489,0,7,1499,466,SUFFICIENT STOCK,False
2025-12-17,SKU00306,201,0,7,217,64,REORDER REQUIRED,True
2025-11-30,SKU00307,262,0,7,131,48,SUFFICIENT STOCK,False
2025-12-27,SKU00308,328,0,7,231,57,SUFFICIENT STOCK,False
2025-12-30,SKU00309,219,0,7,124,40,SUFFICIENT STOCK,False
2025-11-25,SKU00310,223,0,7,125,36,SUFFICIENT STOCK,False
2025-11-14,SKU00311,87,0,7,53,12,SUFFICIENT STOCK,False
2025-12-13,SKU00312,257,0,7,183,73,SUFFICIENT STOCK,False
2025-12-23,SKU00313,350,0,7,284,102,SUFFICIENT STOCK,True
2025-12-07,SKU00314,25,0,7,60,26,REORDER REQUIRED,True
2025-11-18,SKU00315,299,0,7,119,50,SUFFICIENT STOCK,False
2025-11-28,SKU00316,276,0,7,205,65,SUFFICIENT STOCK,False
2025-08-27,SKU00317,5501,0,7,1296,472,SUFFICIENT STOCK,False
2025-11-24,SKU00318,333,0,7,188,68,SUFFICIENT STOCK,False
2025-12-24,SKU00319,583,0,7,330,103,SUFFICIENT STOCK,False
2025-11-24,SKU00320,53,0,7,98,48,REORDER REQUIRED,True
2025-11-08,SKU00321,110,0,7,54,18,SUFFICIENT STOCK,False
2025-11-23,SKU00322,95,0,7,73,26,SUFFICIENT STOCK,True
2025-11-20,SKU00323,256,0,7,193,56,SUFFICIENT STOCK,False
2025-11-27,SKU00324,419,0,7,212,81,SUFFICIENT STOCK,False
2025-12-18,SKU00325,92,0,7,69,27,SUFFICIENT STOCK,True
2025-12-20,SKU00326,162,0,7,75,23,SUFFICIENT STOCK,False
2025-11-17,SKU00327,385,0,7,202,68,SUFFICIENT STOCK,False
2025-11-22,SKU00328,72,0,7,1081,401,REORDER REQUIRED,True
2025-08-19,SKU00330,4595,0,7,983,341,SUFFICIENT STOCK,False
2025-09-02,SKU00331,7350,0,7,1598,537,SUFFICIENT STOCK,False
2025-12-30,SKU00332,105,0,7,62,21,SUFFICIENT STOCK,False
2025-12-29,SKU00333,574,0,7,329,109,SUFFICIENT STOCK,False
2025-12-23,SKU00334,217,0,7,155,45,SUFFICIENT STOCK,False
2025-12-01,SKU00335,287,0,7,183,57,SUFFICIENT STOCK,False
2025-11-28,SKU00336,318,0,7,139,66,SUFFICIENT STOCK,False
2025-12-19,SKU00337,265,0,7,178,54,SUFFICIENT STOCK,False
2025-12-28,SKU00338,116,0,7,202,90,REORDER REQUIRED,True
2025-12-06,SKU00339,311,0,7,176,76,SUFFICIENT STOCK,False
2025-12-18,SKU00340,167,0,7,118,43,SUFFICIENT STOCK,False
2025-12-18,SKU00342,4535,0,7,1075,381,SUFFICIENT STOCK,False
2025-12-02,SKU00343,300,0,7,138,43,SUFFICIENT STOCK,False
2025-12-21,SKU00344,435,0,7,172,57,SUFFICIENT STOCK,False
2025-12-25,SKU00346,74,0,7,153,47,REORDER REQUIRED,True
2025-12-22,SKU00347,234,0,7,236,77,REORDER REQUIRED,True
2025-11-27,SKU00348,79,0,7,85,31,REORDER REQUIRED,True
2025-11-29,SKU00349,133,0,7,215,73,REORDER REQUIRED,True
2025-08-29,SKU00350,5108,0,7,1166,403,SUFFICIENT STOCK,False
2025-12-27,SKU00351,317,0,7,320,117,REORDER REQUIRED,True
2025-12-30,SKU00353,120,0,7,129,53,REORDER REQUIRED,True
2025-08-29,SKU00354,6648,0,7,1492,524,SUFFICIENT STOCK,False
2025-09-02,SKU00355,7523,0,7,1698,571,SUFFICIENT STOCK,False
2025-12-29,SKU00356,221,0,7,78,26,SUFFICIENT STOCK,False
2025-12-29,SKU00357,299,0,7,178,62,SUFFICIENT STOCK,False
2025-12-04,SKU00358,115,0,7,41,11,SUFFICIENT STOCK,False
2025-12-28,SKU00360,257,0,7,189,55,SUFFICIENT STOCK,False
2025-12-23,SKU00361,303,0,7,239,81,SUFFICIENT STOCK,True
2025-10-03,SKU00363,0,0,7,754,247,OUT OF STOCK,True
2025-11-18,SKU00364,339,0,7,161,50,SUFFICIENT STOCK,False
2025-12-03,SKU00365,155,0,7,117,31,SUFFICIENT STOCK,False
2025-12-25,SKU00366,47,0,7,76,22,REORDER REQUIRED,True
2025-12-16,SKU00367,774,0,7,348,153,SUFFICIENT STOCK,False
2025-12-27,SKU00368,186,0,7,170,60,SUFFICIENT STOCK,True
2025-12-25,SKU00369,54,0,7,873,261,REORDER REQUIRED,True
2025-12-13,SKU00371,6045,0,7,1388,474,SUFFICIENT STOCK,False
2025-12-13,SKU00372,57,0,7,68,22,REORDER REQUIRED,True
2025-11-20,SKU00373,133,0,7,66,28,SUFFICIENT STOCK,False
2025-12-16,SKU00374,69,0,7,118,28,REORDER REQUIRED,True
2025-11-20,SKU00375,255,0,7,218,80,SUFFICIENT STOCK,True
2025-12-22,SKU00376,76,0,7,972,313,REORDER REQUIRED,True
2025-12-06,SKU00377,557,0,7,250,78,SUFFICIENT STOCK,False
2025-12-31,SKU00378,94,0,7,176,47,REORDER REQUIRED,True
2025-12-18,SKU00379,75,0,7,43,10,SUFFICIENT STOCK,False
2025-12-26,SKU00380,222,0,7,158,55,SUFFICIENT STOCK,False
2025-12-15,SKU00381,214,0,7,226,82,REORDER REQUIRED,True
2025-12-25,SKU00382,346,0,7,146,49,SUFFICIENT STOCK,False
2025-11-28,SKU00383,181,0,7,83,39,SUFFICIENT STOCK,False
2025-12-21,SKU00384,186,0,7,68,25,SUFFICIENT STOCK,False
2025-12-28,SKU00385,5255,0,7,1209,404,SUFFICIENT STOCK,False
2025-11-28,SKU00386,41,0,7,132,51,REORDER REQUIRED,True
2025-11-23,SKU00387,89,0,7,43,9,SUFFICIENT STOCK,False
2025-12-10,SKU00388,14,0,7,40,11,REORDER REQUIRED,True
2025-11-09,SKU00389,7439,0,7,1697,593,SUFFICIENT STOCK,False
2025-12-27,SKU00390,73,0,7,36,8,SUFFICIENT STOCK,False
2025-12-08,SKU00391,538,0,7,250,71,SUFFICIENT STOCK,False
2025-12-21,SKU00393,340,0,7,188,77,SUFFICIENT STOCK,False
2025-11-16,SKU00394,70,0,7,51,15,SUFFICIENT STOCK,False
2025-12-15,SKU00395,144,0,7,128,41,SUFFICIENT STOCK,True
2025-12-02,SKU00396,111,0,7,45,16,SUFFICIENT STOCK,False
2025-12-21,SKU00397,355,0,7,160,60,SUFFICIENT STOCK,False
2025-12-05,SKU00398,179,0,7,92,37,SUFFICIENT STOCK,False
2025-12-27,SKU00400,300,0,7,144,54,SUFFICIENT STOCK,False
2025-08-30,SKU00401,6600,0,7,1434,489,SUFFICIENT STOCK,False
2025-12-26,SKU00402,199,0,7,172,56,SUFFICIENT STOCK,True
2025-12-31,SKU00403,371,0,7,259,96,SUFFICIENT STOCK,False
2025-12-18,SKU00404,131,0,7,92,45,SUFFICIENT STOCK,True
2025-12-27,SKU00405,326,0,7,221,74,SUFFICIENT STOCK,False
2025-12-20,SKU00407,248,0,7,165,46,SUFFICIENT STOCK,False
2025-12-13,SKU00408,246,0,7,147,40,SUFFICIENT STOCK,False
2025-11-15,SKU00409,166,0,7,129,48,SUFFICIENT STOCK,True
2025-11-18,SKU00410,64,0,7,148,65,REORDER REQUIRED,True
2025-12-18,SKU00411,502,0,7,280,82,SUFFICIENT STOCK,False
2025-11-07,SKU00413,84,0,7,73,31,SUFFICIENT STOCK,True
2025-12-08,SKU00414,81,0,7,53,12,SUFFICIENT STOCK,False
2025-12-05,SKU00415,227,0,7,145,42,SUFFICIENT STOCK,False
2025-10-12,SKU00416,0,0,7,971,378,OUT OF STOCK,True
2025-12-23,SKU00417,122,0,7,85,17,SUFFICIENT STOCK,False
2025-11-20,SKU00418,409,0,7,178,61,SUFFICIENT STOCK,False
2025-11-19,SKU00419,143,0,7,106,37,SUFFICIENT STOCK,False
2025-12-28,SKU00420,358,0,7,224,92,SUFFICIENT STOCK,False
2025-12-31,SKU00421,4911,0,7,1285,442,SUFFICIENT STOCK,False
2025-12-14,SKU00423,173,0,7,179,46,REORDER REQUIRED,True
2025-12-21,SKU00424,93,0,7,117,39,REORDER REQUIRED,True
2025-12-29,SKU00426,215,0,7,263,83,REORDER REQUIRED,True
2025-12-23,SKU00427,73,0,7,148,44,REORDER REQUIRED,True
2025-12-30,SKU00428,367,0,7,210,82,SUFFICIENT STOCK,False
2025-11-27,SKU00429,84,0,7,52,11,SUFFICIENT STOCK,False
2025-11-28,SKU00430,90,0,7,137,45,REORDER REQUIRED,True
2025-12-30,SKU00431,52,0,7,53,12,REORDER REQUIRED,True
2025-12-11,SKU00432,425,0,7,176,57,SUFFICIENT STOCK,False
2025-11-11,SKU00434,114,0,7,54,16,SUFFICIENT STOCK,False
2025-11-27,SKU00436,77,0,7,128,38,REORDER REQUIRED,True
2025-12-10,SKU00437,116,0,7,151,49,REORDER REQUIRED,True
2025-12-15,SKU00438,447,0,7,216,103,SUFFICIENT STOCK,False
2025-12-10,SKU00439,236,0,7,135,40,SUFFICIENT STOCK,False
2025-12-27,SKU00440,100,0,7,113,37,REORDER REQUIRED,True
2025-11-13,SKU00441,191,0,7,77,37,SUFFICIENT STOCK,False
2025-12-15,SKU00442,368,0,7,154,35,SUFFICIENT STOCK,False
2025-12-31,SKU00443,326,0,7,157,57,SUFFICIENT STOCK,False
2025-11-26,SKU00444,124,0,7,69,29,SUFFICIENT STOCK,False
2025-11-01,SKU00445,142,0,7,884,342,REORDER REQUIRED,True
2025-12-20,SKU00446,274,0,7,178,47,SUFFICIENT STOCK,False
2025-11-22,SKU00448,257,0,7,94,33,SUFFICIENT STOCK,False
2025-12-28,SKU00449,4968,0,7,1264,520,SUFFICIENT STOCK,False
2025-12-30,SKU00450,146,0,7,224,94,REORDER REQUIRED,True
2025-12-21,SKU00451,208,0,7,83,39,SUFFICIENT STOCK,False
2025-12-20,SKU00452,272,0,7,155,57,SUFFICIENT STOCK,False
2025-12-30,SKU00453,98,0,7,104,26,REORDER REQUIRED,True
2025-12-21,SKU00454,527,0,7,231,76,SUFFICIENT STOCK,False
2025-12-12,SKU00455,60,0,7,36,17,SUFFICIENT STOCK,False
2025-11-22,SKU00456,1,0,7,22,10,REORDER REQUIRED,True
2025-12-17,SKU00457,171,0,7,214,84,REORDER REQUIRED,True
2025-12-17,SKU00458,140,0,7,162,68,REORDER REQUIRED,True
2025-11-16,SKU00460,125,0,7,100,20,SUFFICIENT STOCK,False
2025-12-03,SKU00461,340,0,7,156,46,SUFFICIENT STOCK,False
2025-12-29,SKU00462,3771,0,7,898,317,SUFFICIENT STOCK,False
2025-11-04,SKU00463,53,0,7,33,12,SUFFICIENT STOCK,False
2025-12-04,SKU00464,95,0,7,35,10,SUFFICIENT STOCK,False
2025-11-21,SKU00465,41,0,7,22,7,SUFFICIENT STOCK,False
2025-09-01,SKU00466,3868,0,7,873,308,SUFFICIENT STOCK,False
2025-12-09,SKU00467,63,0,7,28,12,SUFFICIENT STOCK,False
2025-12-08,SKU00469,223,0,7,147,66,SUFFICIENT STOCK,False
2025-11-07,SKU00471,13,0,7,43,16,REORDER REQUIRED,True
2025-11-23,SKU00472,72,0,7,76,31,REORDER REQUIRED,True
2025-12-06,SKU00473,73,0,7,35,16,SUFFICIENT STOCK,False
2025-12-25,SKU00474,102,0,7,123,50,REORDER REQUIRED,True
2025-12-21,SKU00475,48,0,7,23,8,SUFFICIENT STOCK,False
2025-12-21,SKU00476,428,0,7,151,61,SUFFICIENT STOCK,False
2025-12-12,SKU00477,217,0,7,81,25,SUFFICIENT STOCK,False
2025-12-07,SKU00478,157,0,7,145,63,SUFFICIENT STOCK,True
2025-12-09,SKU00479,57,0,7,22,5,SUFFICIENT STOCK,False
2025-12-08,SKU00480,47,0,7,42,13,SUFFICIENT STOCK,True
2025-11-03,SKU00481,0,0,7,37,11,OUT OF STOCK,True
2025-11-20,SKU00482,14,0,7,22,5,REORDER REQUIRED,True
2025-11-26,SKU00484,46,0,7,717,229,REORDER REQUIRED,True
2025-11-29,SKU00485,174,0,7,69,21,SUFFICIENT STOCK,False
2025-12-06,SKU00486,212,0,7,80,23,SUFFICIENT STOCK,False
2025-11-12,SKU00487,199,0,7,156,49,SUFFICIENT STOCK,True
2025-12-27,SKU00488,334,0,7,234,86,SUFFICIENT STOCK,False
2025-12-02,SKU00489,82,0,7,64,20,SUFFICIENT STOCK,True
2025-12-28,SKU00490,369,0,7,229,81,SUFFICIENT STOCK,False
2025-12-31,SKU00491,393,0,7,269,58,SUFFICIENT STOCK,False
2025-12-28,SKU00492,211,0,7,198,84,SUFFICIENT STOCK,True
2025-12-23,SKU00493,724,0,7,334,125,SUFFICIENT STOCK,False
2025-12-30,SKU00494,176,0,7,199,67,REORDER REQUIRED,True
2025-12-05,SKU00495,59,0,7,24,7,SUFFICIENT STOCK,False
2025-11-22,SKU00496,93,0,7,71,21,SUFFICIENT STOCK,False
2025-12-17,SKU00497,239,0,7,94,25,SUFFICIENT STOCK,False
2025-08-28,SKU00498,7607,0,7,1657,536,SUFFICIENT STOCK,False
2025-12-11,SKU00499,277,0,7,106,32,SUFFICIENT STOCK,False
2025-11-08,SKU00500,100,0,7,1077,388,REORDER REQUIRED,True
2025-08-29,SKU00501,4631,0,7,1027,351,SUFFICIENT STOCK,False
2025-12-21,SKU00502,573,0,7,292,79,SUFFICIENT STOCK,False
2025-11-20,SKU00503,40,0,7,36,11,SUFFICIENT STOCK,True
2025-12-02,SKU00504,404,0,7,263,100,SUFFICIENT STOCK,False
2025-12-15,SKU00506,102,0,7,717,219,REORDER REQUIRED,True
2025-12-09,SKU00507,3971,0,7,970,308,SUFFICIENT STOCK,False
2025-11-04,SKU00508,28,0,7,28,9,REORDER REQUIRED,True
2025-12-15,SKU00509,489,0,7,266,64,SUFFICIENT STOCK,False
2025-11-29,SKU00510,81,0,7,139,44,REORDER REQUIRED,True
2025-12-24,SKU00511,367,0,7,225,63,SUFFICIENT STOCK,False
2025-12-22,SKU00512,166,0,7,59,27,SUFFICIENT STOCK,False
2025-12-26,SKU00513,127,0,7,76,22,SUFFICIENT STOCK,False
2025-12-11,SKU00516,6036,0,7,1410,441,SUFFICIENT STOCK,False
2025-12-04,SKU00517,191,0,7,105,29,SUFFICIENT STOCK,False
2025-12-11,SKU00519,387,0,7,148,40,SUFFICIENT STOCK,False
2025-12-31,SKU00520,104,0,7,84,36,SUFFICIENT STOCK,True
2025-09-02,SKU00521,4077,0,7,976,321,SUFFICIENT STOCK,False
2025-11-30,SKU00522,79,0,7,66,31,SUFFICIENT STOCK,True
2025-11-27,SKU00523,605,0,7,319,89,SUFFICIENT STOCK,False
2025-08-23,SKU00524,6970,0,7,1567,518,SUFFICIENT STOCK,False
2025-12-18,SKU00525,157,0,7,81,25,SUFFICIENT STOCK,False
2025-12-09,SKU00526,241,0,7,127,29,SUFFICIENT STOCK,False
2025-12-08,SKU00527,447,0,7,233,61,SUFFICIENT STOCK,False
2025-12-22,SKU00528,246,0,7,88,27,SUFFICIENT STOCK,False
2025-12-19,SKU00529,160,0,7,226,80,REORDER REQUIRED,True
2025-12-30,SKU00530,350,0,7,211,66,SUFFICIENT STOCK,False
2025-12-26,SKU00531,67,0,7,986,370,REORDER REQUIRED,True
2025-09-02,SKU00532,5793,0,7,1252,430,SUFFICIENT STOCK,False
2025-11-02,SKU00533,164,0,7,64,22,SUFFICIENT STOCK,False
2025-12-28,SKU00534,219,0,7,329,104,REORDER REQUIRED,True
2025-09-02,SKU00535,6972,0,7,1557,594,SUFFICIENT STOCK,False
2025-12-31,SKU00536,199,0,7,83,25,SUFFICIENT STOCK,False
2025-12-31,SKU00537,45,0,7,63,31,REORDER REQUIRED,True
2025-12-02,SKU00538,104,0,7,782,236,REORDER REQUIRED,True
2025-12-22,SKU00539,72,0,7,973,346,REORDER REQUIRED,True
2025-12-28,SKU00540,129,0,7,69,33,SUFFICIENT STOCK,False
2025-12-24,SKU00542,703,0,7,470,177,SUFFICIENT STOCK,False
2025-11-17,SKU00543,212,0,7,85,19,SUFFICIENT STOCK,False
2025-11-04,SKU00544,65,0,7,79,17,REORDER REQUIRED,True
2025-12-28,SKU00545,408,0,7,299,105,SUFFICIENT STOCK,False
2025-09-02,SKU00546,6356,0,7,1437,479,SUFFICIENT STOCK,False
2025-12-26,SKU00547,117,0,7,75,33,SUFFICIENT STOCK,False
2025-08-25,SKU00550,8071,0,7,1752,582,SUFFICIENT STOCK,False
2025-11-18,SKU00551,4211,0,7,919,333,SUFFICIENT STOCK,False
2025-08-26,SKU00553,6073,0,7,1343,462,SUFFICIENT STOCK,False
2025-12-20,SKU00554,2,0,7,49,23,REORDER REQUIRED,True
2025-12-21,SKU00555,268,0,7,115,42,SUFFICIENT STOCK,False
2025-11-17,SKU00556,109,0,7,92,41,SUFFICIENT STOCK,True
2025-12-31,SKU00558,141,0,7,118,52,SUFFICIENT STOCK,True
2025-12-11,SKU00559,143,0,7,126,54,SUFFICIENT STOCK,True
2025-11-04,SKU00560,76,0,7,96,35,REORDER REQUIRED,True
2025-12-08,SKU00562,94,0,7,72,23,SUFFICIENT STOCK,True
2025-12-14,SKU00563,175,0,7,93,43,SUFFICIENT STOCK,False
2025-12-22,SKU00565,294,0,7,103,36,SUFFICIENT STOCK,False
2025-11-15,SKU00566,121,0,7,140,46,REORDER REQUIRED,True
2025-12-26,SKU00567,22,0,7,62,17,REORDER REQUIRED,True
2025-11-27,SKU00568,465,0,7,212,88,SUFFICIENT STOCK,False
2025-11-26,SKU00569,14,0,7,39,13,REORDER REQUIRED,True
2025-12-25,SKU00570,318,0,7,119,47,SUFFICIENT STOCK,False
2025-12-29,SKU00571,4709,0,7,1059,387,SUFFICIENT STOCK,False
2025-12-11,SKU00572,258,0,7,110,24,SUFFICIENT STOCK,False
2025-11-26,SKU00573,83,0,7,39,12,SUFFICIENT STOCK,False
2025-09-01,SKU00574,6397,0,7,1449,484,SUFFICIENT STOCK,False
2025-11-26,SKU00575,107,0,7,64,26,SUFFICIENT STOCK,False
2025-12-02,SKU00576,11,0,7,100,50,REORDER REQUIRED,True
2025-11-19,SKU00577,198,0,7,92,27,SUFFICIENT STOCK,False
2025-12-09,SKU00578,130,0,7,94,42,SUFFICIENT STOCK,True
2025-12-16,SKU00580,291,0,7,161,35,SUFFICIENT STOCK,False
2025-12-30,SKU00581,430,0,7,282,99,SUFFICIENT STOCK,False
2025-12-12,SKU00582,15,0,7,27,12,REORDER REQUIRED,True
2025-12-17,SKU00583,128,0,7,165,60,REORDER REQUIRED,True
2025-11-22,SKU00584,4501,0,7,1199,397,SUFFICIENT STOCK,False
2025-12-15,SKU00585,128,0,7,83,30,SUFFICIENT STOCK,False
2025-12-04,SKU00586,89,0,7,144,58,REORDER REQUIRED,True
2025-12-01,SKU00588,76,0,7,89,41,REORDER REQUIRED,True
2025-12-31,SKU00589,5724,0,7,1308,504,SUFFICIENT STOCK,False
2025-12-02,SKU00590,198,0,7,117,26,SUFFICIENT STOCK,False
2025-12-15,SKU00591,228,0,7,174,56,SUFFICIENT STOCK,True
2025-09-01,SKU00592,4847,0,7,1187,400,SUFFICIENT STOCK,False
2025-11-11,SKU00593,62,0,7,94,27,REORDER REQUIRED,True
2025-12-04,SKU00594,36,0,7,98,22,REORDER REQUIRED,True
2025-12-15,SKU00595,357,0,7,142,51,SUFFICIENT STOCK,False
2025-12-23,SKU00596,143,0,7,154,71,REORDER REQUIRED,True
2025-12-03,SKU00597,190,0,7,230,66,REORDER REQUIRED,True
2025-11-15,SKU00599,358,0,7,161,62,SUFFICIENT STOCK,False
2025-12-15,SKU00601,26,0,7,46,22,REORDER REQUIRED,True
2025-12-02,SKU00602,60,0,7,97,45,REORDER REQUIRED,True
2025-12-06,SKU00603,240,0,7,120,44,SUFFICIENT STOCK,False
2025-12-25,SKU00604,147,0,7,72,20,SUFFICIENT STOCK,False
2025-12-31,SKU00605,584,0,7,345,118,SUFFICIENT STOCK,False
2025-12-31,SKU00606,593,0,7,444,180,SUFFICIENT STOCK,True
2025-12-09,SKU00607,73,0,7,126,34,REORDER REQUIRED,True
2025-12-29,SKU00608,3196,0,7,713,265,SUFFICIENT STOCK,False
2025-11-28,SKU00609,37,0,7,75,27,REORDER REQUIRED,True
2025-11-08,SKU00610,178,0,7,93,28,SUFFICIENT STOCK,False
2025-12-17,SKU00611,255,0,7,204,65,SUFFICIENT STOCK,True
2025-11-21,SKU00612,29,0,7,34,8,REORDER REQUIRED,True
2025-12-23,SKU00613,261,0,7,183,65,SUFFICIENT STOCK,False
2025-11-23,SKU00614,257,0,7,166,50,SUFFICIENT STOCK,False
2025-12-27,SKU00615,166,0,7,197,74,REORDER REQUIRED,True
2025-11-23,SKU00616,78,0,7,53,17,SUFFICIENT STOCK,False
2025-11-10,SKU00617,107,0,7,66,20,SUFFICIENT STOCK,False
2025-11-05,SKU00618,186,0,7,94,20,SUFFICIENT STOCK,False
2025-12-04,SKU00619,411,0,7,177,52,SUFFICIENT STOCK,False
2025-12-22,SKU00620,366,0,7,214,77,SUFFICIENT STOCK,False
2025-12-17,SKU00621,257,0,7,310,111,REORDER REQUIRED,True
2025-12-30,SKU00622,179,0,7,140,63,SUFFICIENT STOCK,True
2025-11-27,SKU00623,27,0,7,30,6,REORDER REQUIRED,True
2025-12-30,SKU00624,204,0,7,161,59,SUFFICIENT STOCK,True
2025-12-20,SKU00625,197,0,7,217,72,REORDER REQUIRED,True
2025-12-11,SKU00626,54,0,7,26,6,SUFFICIENT STOCK,False
2025-12-02,SKU00628,42,0,7,594,193,REORDER REQUIRED,True
2025-12-14,SKU00629,284,0,7,293,106,REORDER REQUIRED,True
2025-11-16,SKU00630,87,0,7,45,11,SUFFICIENT STOCK,False
2025-12-31,SKU00631,4440,0,7,1043,395,SUFFICIENT STOCK,False
2025-12-27,SKU00632,282,0,7,186,67,SUFFICIENT STOCK,False
2025-12-25,SKU00633,705,0,7,392,102,SUFFICIENT STOCK,False
2025-11-18,SKU00634,208,0,7,85,26,SUFFICIENT STOCK,False
2025-12-28,SKU00635,386,0,7,255,87,SUFFICIENT STOCK,False
2025-12-04,SKU00637,132,0,7,88,39,SUFFICIENT STOCK,False
2025-08-28,SKU00638,5795,0,7,1223,400,SUFFICIENT STOCK,False
2025-11-17,SKU00639,83,0,7,71,30,SUFFICIENT STOCK,True
2025-11-25,SKU00641,267,0,7,108,31,SUFFICIENT STOCK,False
2025-12-04,SKU00642,64,0,7,40,12,SUFFICIENT STOCK,False
2025-12-08,SKU00643,268,0,7,277,89,REORDER REQUIRED,True
2025-11-24,SKU00644,162,0,7,91,44,SUFFICIENT STOCK,False
2025-09-01,SKU00645,7819,0,7,1712,622,SUFFICIENT STOCK,False
2025-12-27,SKU00646,307,0,7,159,58,SUFFICIENT STOCK,False
2025-12-05,SKU00647,107,0,7,66,17,SUFFICIENT STOCK,False
2025-11-14,SKU00648,211,0,7,113,46,SUFFICIENT STOCK,False
2025-09-02,SKU00649,8430,0,7,1842,669,SUFFICIENT STOCK,False
2025-12-07,SKU00650,298,0,7,250,81,SUFFICIENT STOCK,True
2025-11-04,SKU00651,69,0,7,41,16,SUFFICIENT STOCK,False
2025-12-15,SKU00652,180,0,7,83,29,SUFFICIENT STOCK,False
2025-11-08,SKU00653,40,0,7,25,6,SUFFICIENT STOCK,False
2025-12-16,SKU00654,7221,0,7,1576,531,SUFFICIENT STOCK,False
2025-11-06,SKU00655,22,0,7,54,21,REORDER REQUIRED,True
2025-11-11,SKU00657,0,0,7,29,14,OUT OF STOCK,True
2025-12-17,SKU00660,3,0,7,34,11,REORDER REQUIRED,True
2025-12-17,SKU00662,66,0,7,123,37,REORDER REQUIRED,True
2025-11-06,SKU00664,9,0,7,49,19,REORDER REQUIRED,True
2025-12-18,SKU00665,49,0,7,39,18,SUFFICIENT STOCK,True
2025-12-31,SKU00666,17,0,7,65,32,REORDER REQUIRED,True
2025-12-25,SKU00667,322,0,7,216,69,SUFFICIENT STOCK,False
2025-12-09,SKU00668,144,0,7,104,33,SUFFICIENT STOCK,False
2025-12-29,SKU00669,347,0,7,258,75,SUFFICIENT STOCK,False
2025-12-30,SKU00670,145,0,7,153,57,REORDER REQUIRED,True
2025-12-26,SKU00671,566,0,7,309,123,SUFFICIENT STOCK,False
2025-12-18,SKU00672,129,0,7,77,35,SUFFICIENT STOCK,False
2025-12-30,SKU00673,179,0,7,191,67,REORDER REQUIRED,True
2025-12-26,SKU00674,333,0,7,160,60,SUFFICIENT STOCK,False
2025-12-25,SKU00676,69,0,7,25,6,SUFFICIENT STOCK,False
2025-12-27,SKU00677,394,0,7,380,120,SUFFICIENT STOCK,True
2025-12-30,SKU00678,526,0,7,194,74,SUFFICIENT STOCK,False
2025-09-01,SKU00679,4734,0,7,1050,346,SUFFICIENT STOCK,False
2025-12-18,SKU00680,264,0,7,270,87,REORDER REQUIRED,True
2025-12-23,SKU00681,139,0,7,134,38,SUFFICIENT STOCK,True
2025-08-28,SKU00682,8021,0,7,1791,643,SUFFICIENT STOCK,False
2025-11-08,SKU00683,78,0,7,45,19,SUFFICIENT STOCK,False
2025-12-18,SKU00684,392,0,7,237,85,SUFFICIENT STOCK,False
2025-12-05,SKU00685,244,0,7,204,73,SUFFICIENT STOCK,True
2025-12-14,SKU00686,683,0,7,287,106,SUFFICIENT STOCK,False
2025-12-25,SKU00687,60,0,7,149,58,REORDER REQUIRED,True
2025-11-01,SKU00688,46,0,7,25,10,SUFFICIENT STOCK,False
2025-12-16,SKU00690,115,0,7,94,44,SUFFICIENT STOCK,True
2025-11-25,SKU00691,6181,0,7,1445,460,SUFFICIENT STOCK,False
2025-10-10,SKU00692,0,0,7,533,168,OUT OF STOCK,True
2025-12-28,SKU00693,188,0,7,122,43,SUFFICIENT STOCK,False
2025-12-12,SKU00694,0,0,7,28,10,OUT OF STOCK,True
2025-11-28,SKU00696,32,0,7,24,6,SUFFICIENT STOCK,False
2025-11-27,SKU00697,260,0,7,160,71,SUFFICIENT STOCK,False
2025-12-29,SKU00698,182,0,7,186,46,REORDER REQUIRED,True
2025-08-28,SKU00699,4318,0,7,983,344,SUFFICIENT STOCK,False
2025-11-14,SKU00700,18,0,7,68,23,REORDER REQUIRED,True
2025-11-26,SKU00701,179,0,7,63,17,SUFFICIENT STOCK,False
2025-12-30,SKU00702,324,0,7,174,52,SUFFICIENT STOCK,False
2025-11-06,SKU00703,259,0,7,94,45,SUFFICIENT STOCK,False
2025-12-10,SKU00704,226,0,7,256,83,REORDER REQUIRED,True
2025-12-25,SKU00705,86,0,7,68,15,SUFFICIENT STOCK,False
2025-12-10,SKU00706,364,0,7,228,82,SUFFICIENT STOCK,False
2025-11-15,SKU00707,63,0,7,63,20,REORDER REQUIRED,True
2025-11-15,SKU00708,144,0,7,85,34,SUFFICIENT STOCK,False
2025-11-23,SKU00710,412,0,7,243,100,SUFFICIENT STOCK,False
2025-12-27,SKU00711,213,0,7,143,48,SUFFICIENT STOCK,False
2025-12-14,SKU00712,477,0,7,289,90,SUFFICIENT STOCK,False
2025-12-20,SKU00713,389,0,7,271,82,SUFFICIENT STOCK,False
2025-11-25,SKU00714,42,0,7,72,25,REORDER REQUIRED,True
2025-12-22,SKU00715,337,0,7,175,62,SUFFICIENT STOCK,False
2025-11-27,SKU00716,51,0,7,40,20,SUFFICIENT STOCK,True
2025-12-22,SKU00717,490,0,7,354,145,SUFFICIENT STOCK,True
2025-12-26,SKU00719,371,0,7,250,112,SUFFICIENT STOCK,False
2025-11-20,SKU00720,95,0,7,41,9,SUFFICIENT STOCK,False
2025-11-19,SKU00721,4570,0,7,1116,406,SUFFICIENT STOCK,False
2025-12-31,SKU00722,108,0,7,66,16,SUFFICIENT STOCK,False
2025-12-14,SKU00723,124,0,7,92,25,SUFFICIENT STOCK,False
2025-11-10,SKU00724,78,0,7,36,8,SUFFICIENT STOCK,False
2025-12-27,SKU00726,136,0,7,166,74,REORDER REQUIRED,True
2025-12-15,SKU00727,209,0,7,110,45,SUFFICIENT STOCK,False
2025-12-21,SKU00728,108,0,7,524,173,REORDER REQUIRED,True
2025-12-29,SKU00729,366,0,7,254,85,SUFFICIENT STOCK,False
2025-08-26,SKU00732,6454,0,7,1393,478,SUFFICIENT STOCK,False
2025-12-16,SKU00733,272,0,7,148,42,SUFFICIENT STOCK,False
2025-09-02,SKU00734,7013,0,7,1480,497,SUFFICIENT STOCK,False
2025-12-27,SKU00735,160,0,7,127,51,SUFFICIENT STOCK,True
2025-12-08,SKU00736,106,0,7,146,59,REORDER REQUIRED,True
2025-12-24,SKU00737,4,0,7,27,6,REORDER REQUIRED,True
2025-12-20,SKU00738,60,0,7,78,30,REORDER REQUIRED,True
2025-11-30,SKU00739,144,0,7,94,46,SUFFICIENT STOCK,False
2025-11-27,SKU00740,362,0,7,165,54,SUFFICIENT STOCK,False
2025-12-21,SKU00741,23,0,7,20,9,SUFFICIENT STOCK,True
2025-12-25,SKU00742,551,0,7,377,111,SUFFICIENT STOCK,False
2025-12-30,SKU00743,105,0,7,68,16,SUFFICIENT STOCK,False
2025-11-13,SKU00744,60,0,7,52,15,SUFFICIENT STOCK,True
2025-11-07,SKU00745,99,0,7,37,13,SUFFICIENT STOCK,False
2025-11-09,SKU00746,37,0,7,20,7,SUFFICIENT STOCK,False
2025-11-30,SKU00747,74,0,7,61,13,SUFFICIENT STOCK,False
2025-12-07,SKU00748,54,0,7,22,7,SUFFICIENT STOCK,False
2025-09-02,SKU00749,8253,0,7,1803,615,SUFFICIENT STOCK,False
2025-12-29,SKU00751,484,0,7,219,61,SUFFICIENT STOCK,False
2025-12-27,SKU00752,103,0,7,146,47,REORDER REQUIRED,True
2025-12-17,SKU00754,432,0,7,200,53,SUFFICIENT STOCK,False
2025-11-19,SKU00755,138,0,7,66,29,SUFFICIENT STOCK,False
2025-12-20,SKU00756,241,0,7,119,50,SUFFICIENT STOCK,False
2025-08-13,SKU00758,6798,0,7,1514,502,SUFFICIENT STOCK,False
2025-12-03,SKU00759,234,0,7,125,50,SUFFICIENT STOCK,False
2025-11-30,SKU00760,203,0,7,118,49,SUFFICIENT STOCK,False
2025-12-16,SKU00761,300,0,7,164,57,SUFFICIENT STOCK,False
2025-12-14,SKU00762,290,0,7,117,26,SUFFICIENT STOCK,False
2025-12-19,SKU00763,202,0,7,125,51,SUFFICIENT STOCK,False
2025-12-12,SKU00764,112,0,7,65,30,SUFFICIENT STOCK,False
2025-12-11,SKU00765,507,0,7,248,87,SUFFICIENT STOCK,False
2025-12-21,SKU00766,61,0,7,66,23,REORDER REQUIRED,True
2025-12-30,SKU00767,557,0,7,231,79,SUFFICIENT STOCK,False
2025-11-23,SKU00768,267,0,7,161,59,SUFFICIENT STOCK,False
2025-12-09,SKU00769,89,0,7,130,43,REORDER REQUIRED,True
2025-12-15,SKU00770,53,0,7,40,19,SUFFICIENT STOCK,True
2025-12-22,SKU00772,378,0,7,327,112,SUFFICIENT STOCK,True
2025-12-26,SKU00773,208,0,7,201,71,SUFFICIENT STOCK,True
2025-10-07,SKU00774,0,0,7,966,347,OUT OF STOCK,True
2025-11-23,SKU00775,4793,0,7,1230,412,SUFFICIENT STOCK,False
2025-12-31,SKU00776,284,0,7,150,63,SUFFICIENT STOCK,False
2025-11-16,SKU00777,92,0,7,93,31,REORDER REQUIRED,True
2025-12-28,SKU00778,635,0,7,283,85,SUFFICIENT STOCK,False
2025-12-14,SKU00779,50,0,7,49,21,SUFFICIENT STOCK,True
2025-12-16,SKU00780,137,0,7,107,31,SUFFICIENT STOCK,True
2025-12-16,SKU00781,97,0,7,40,16,SUFFICIENT STOCK,False
2025-12-11,SKU00782,249,0,7,146,49,SUFFICIENT STOCK,False
2025-12-12,SKU00783,442,0,7,241,79,SUFFICIENT STOCK,False
2025-12-18,SKU00784,335,0,7,251,84,SUFFICIENT STOCK,False
2025-11-26,SKU00785,321,0,7,245,93,SUFFICIENT STOCK,True
2025-12-07,SKU00786,115,0,7,126,42,REORDER REQUIRED,True
2025-12-14,SKU00787,468,0,7,374,113,SUFFICIENT STOCK,True
2025-12-01,SKU00788,4093,0,7,1043,359,SUFFICIENT STOCK,False
2025-12-20,SKU00789,117,0,7,75,34,SUFFICIENT STOCK,False
2025-12-09,SKU00791,277,0,7,165,47,SUFFICIENT STOCK,False
2025-12-24,SKU00792,109,0,7,262,76,REORDER REQUIRED,True
2025-12-15,SKU00793,95,0,7,97,34,REORDER REQUIRED,True
2025-12-17,SKU00794,95,0,7,136,53,REORDER REQUIRED,True
2025-12-27,SKU00795,113,0,7,102,37,SUFFICIENT STOCK,True
2025-11-16,SKU00796,12,0,7,180,53,REORDER REQUIRED,True
2025-11-20,SKU00797,85,0,7,44,16,SUFFICIENT STOCK,False
2025-12-25,SKU00798,198,0,7,112,36,SUFFICIENT STOCK,False
2025-12-16,SKU00799,408,0,7,172,59,SUFFICIENT STOCK,False
2025-12-24,SKU00800,311,0,7,254,106,SUFFICIENT STOCK,True
2025-12-07,SKU00801,189,0,7,117,47,SUFFICIENT STOCK,False
2025-12-15,SKU00802,39,0,7,33,7,SUFFICIENT STOCK,True
2025-12-22,SKU00803,195,0,7,108,50,SUFFICIENT STOCK,False
2025-12-17,SKU00804,269,0,7,356,124,REORDER REQUIRED,True
2025-12-08,SKU00805,185,0,7,124,32,SUFFICIENT STOCK,False
2025-12-07,SKU00806,462,0,7,216,57,SUFFICIENT STOCK,False
2025-12-03,SKU00807,44,0,7,58,18,REORDER REQUIRED,True
2025-12-07,SKU00808,28,0,7,47,18,REORDER REQUIRED,True
2025-12-29,SKU00809,118,0,7,181,68,REORDER REQUIRED,True
2025-12-25,SKU00810,284,0,7,179,70,SUFFICIENT STOCK,False
2025-12-29,SKU00811,519,0,7,229,74,SUFFICIENT STOCK,False
2025-11-22,SKU00813,254,0,7,132,31,SUFFICIENT STOCK,False
2025-12-09,SKU00815,102,0,7,38,14,SUFFICIENT STOCK,False
2025-12-13,SKU00816,2,0,7,99,49,REORDER REQUIRED,True
2025-12-21,SKU00818,324,0,7,206,58,SUFFICIENT STOCK,False
2025-12-27,SKU00819,765,0,7,376,136,SUFFICIENT STOCK,False
2025-12-10,SKU00820,269,0,7,94,38,SUFFICIENT STOCK,False
2025-09-02,SKU00821,6067,0,7,1402,510,SUFFICIENT STOCK,False
2025-12-05,SKU00822,314,0,7,129,45,SUFFICIENT STOCK,False
2025-12-03,SKU00823,160,0,7,762,265,REORDER REQUIRED,True
2025-12-24,SKU00824,165,0,7,209,76,REORDER REQUIRED,True
2025-12-14,SKU00825,33,0,7,69,18,REORDER REQUIRED,True
2025-12-31,SKU00827,337,0,7,192,65,SUFFICIENT STOCK,False
2025-12-19,SKU00828,285,0,7,151,54,SUFFICIENT STOCK,False
2025-12-11,SKU00829,145,0,7,166,51,REORDER REQUIRED,True
2025-10-09,SKU00830,0,0,7,1090,379,OUT OF STOCK,True
2025-11-16,SKU00831,27,0,7,66,28,REORDER REQUIRED,True
2025-10-08,SKU00832,0,0,7,897,340,OUT OF STOCK,True
2025-12-02,SKU00833,125,0,7,68,23,SUFFICIENT STOCK,False
2025-12-19,SKU00834,496,0,7,233,76,SUFFICIENT STOCK,False
2025-12-12,SKU00835,333,0,7,316,107,SUFFICIENT STOCK,True
2025-09-02,SKU00837,7894,0,7,1728,609,SUFFICIENT STOCK,False
2025-12-22,SKU00838,23,0,7,49,12,REORDER REQUIRED,True
2025-12-29,SKU00839,9,0,7,41,11,REORDER REQUIRED,True
2025-12-30,SKU00840,765,0,7,472,172,SUFFICIENT STOCK,False
2025-12-02,SKU00841,136,0,7,105,45,SUFFICIENT STOCK,True
2025-12-04,SKU00842,190,0,7,140,59,SUFFICIENT STOCK,True
2025-11-24,SKU00843,93,0,7,101,47,REORDER REQUIRED,True
2025-12-02,SKU00844,252,0,7,155,57,SUFFICIENT STOCK,False
2025-12-19,SKU00845,292,0,7,808,279,REORDER REQUIRED,True
2025-12-25,SKU00846,209,0,7,149,55,SUFFICIENT STOCK,False
2025-12-06,SKU00848,261,0,7,211,71,SUFFICIENT STOCK,True
2025-12-26,SKU00849,60,0,7,146,43,REORDER REQUIRED,True
2025-12-24,SKU00850,241,0,7,131,45,SUFFICIENT STOCK,False
2025-12-28,SKU00851,246,0,7,223,63,SUFFICIENT STOCK,True
2025-12-16,SKU00852,235,0,7,147,52,SUFFICIENT STOCK,False
2025-12-13,SKU00853,306,0,7,220,99,SUFFICIENT STOCK,True
2025-12-18,SKU00854,382,0,7,181,62,SUFFICIENT STOCK,False
2025-12-09,SKU00855,4990,0,7,1263,441,SUFFICIENT STOCK,False
2025-12-22,SKU00856,214,0,7,135,58,SUFFICIENT STOCK,False
2025-12-18,SKU00857,76,0,7,134,52,REORDER REQUIRED,True
2025-11-13,SKU00858,5244,0,7,1165,369,SUFFICIENT STOCK,False
2025-11-14,SKU00859,110,0,7,52,13,SUFFICIENT STOCK,False
2025-11-13,SKU00860,3586,0,7,874,283,SUFFICIENT STOCK,False
2025-12-26,SKU00861,24,0,7,125,53,REORDER REQUIRED,True
2025-12-21,SKU00863,78,0,7,148,68,REORDER REQUIRED,True
2025-12-30,SKU00864,339,0,7,183,72,SUFFICIENT STOCK,False
2025-12-04,SKU00865,221,0,7,97,27,SUFFICIENT STOCK,False
2025-12-13,SKU00866,487,0,7,223,61,SUFFICIENT STOCK,False
2025-12-05,SKU00867,49,0,7,81,30,REORDER REQUIRED,True
2025-12-16,SKU00868,287,0,7,97,39,SUFFICIENT STOCK,False
2025-12-12,SKU00869,367,0,7,168,61,SUFFICIENT STOCK,False
2025-12-29,SKU00870,519,0,7,348,142,SUFFICIENT STOCK,False
2025-12-26,SKU00872,223,0,7,223,86,REORDER REQUIRED,True
2025-12-30,SKU00873,428,0,7,197,62,SUFFICIENT STOCK,False
2025-08-25,SKU00874,4280,0,7,974,383,SUFFICIENT STOCK,False
2025-11-23,SKU00875,297,0,7,154,34,SUFFICIENT STOCK,False
2025-12-09,SKU00876,105,0,7,41,18,SUFFICIENT STOCK,False
2025-11-11,SKU00877,14,0,7,43,15,REORDER REQUIRED,True
2025-12-16,SKU00878,122,0,7,289,117,REORDER REQUIRED,True
2025-11-12,SKU00879,105,0,7,100,32,SUFFICIENT STOCK,True
2025-12-30,SKU00880,138,0,7,161,50,REORDER REQUIRED,True
2025-12-30,SKU00881,286,0,7,173,54,SUFFICIENT STOCK,False
2025-12-20,SKU00882,214,0,7,122,31,SUFFICIENT STOCK,False
2025-12-23,SKU00883,230,0,7,154,42,SUFFICIENT STOCK,False
2025-11-28,SKU00884,124,0,7,191,67,REORDER REQUIRED,True
2025-11-26,SKU00885,138,0,7,47,16,SUFFICIENT STOCK,False
2025-11-05,SKU00886,3,0,7,31,11,REORDER REQUIRED,True
2025-12-18,SKU00887,184,0,7,113,48,SUFFICIENT STOCK,False
2025-12-13,SKU00888,294,0,7,207,66,SUFFICIENT STOCK,False
2025-11-14,SKU00889,275,0,7,100,33,SUFFICIENT STOCK,False
2025-12-14,SKU00890,7173,0,7,1576,543,SUFFICIENT STOCK,False
2025-12-18,SKU00891,113,0,7,89,21,SUFFICIENT STOCK,False
2025-12-04,SKU00892,141,0,7,183,64,REORDER REQUIRED,True
2025-12-23,SKU00893,107,0,7,693,268,REORDER REQUIRED,True
2025-08-29,SKU00894,5444,0,7,1275,465,SUFFICIENT STOCK,False
2025-12-28,SKU00895,355,0,7,238,77,SUFFICIENT STOCK,False
2025-12-27,SKU00896,115,0,7,64,28,SUFFICIENT STOCK,False
2025-12-25,SKU00897,180,0,7,144,61,SUFFICIENT STOCK,True
2025-12-18,SKU00898,284,0,7,136,44,SUFFICIENT STOCK,False
2025-11-15,SKU00899,289,0,7,103,23,SUFFICIENT STOCK,False
2025-11-17,SKU00900,524,0,7,251,83,SUFFICIENT STOCK,False
2025-11-14,SKU00901,153,0,7,86,34,SUFFICIENT STOCK,False
2025-12-20,SKU00902,364,0,7,198,72,SUFFICIENT STOCK,False
2025-12-05,SKU00904,207,0,7,83,41,SUFFICIENT STOCK,False
2025-12-15,SKU00905,144,0,7,119,27,SUFFICIENT STOCK,True
2025-08-20,SKU00906,5967,0,7,1330,476,SUFFICIENT STOCK,False
2025-12-16,SKU00908,124,0,7,110,40,SUFFICIENT STOCK,True
2025-11-18,SKU00909,269,0,7,175,63,SUFFICIENT STOCK,False
2025-12-15,SKU00911,242,0,7,132,51,SUFFICIENT STOCK,False
2025-11-20,SKU00912,164,0,7,146,50,SUFFICIENT STOCK,True
2025-11-14,SKU00913,117,0,7,83,39,SUFFICIENT STOCK,True
2025-12-23,SKU00914,177,0,7,111,38,SUFFICIENT STOCK,False
2025-12-10,SKU00915,171,0,7,171,47,REORDER REQUIRED,True
2025-12-06,SKU00916,510,0,7,292,113,SUFFICIENT STOCK,False
2025-11-05,SKU00917,172,0,7,97,35,SUFFICIENT STOCK,False
2025-11-24,SKU00918,150,0,7,88,19,SUFFICIENT STOCK,False
2025-12-05,SKU00919,693,0,7,273,100,SUFFICIENT STOCK,False
2025-10-02,SKU00920,0,0,7,671,257,OUT OF STOCK,True
2025-11-07,SKU00921,86,0,7,81,26,SUFFICIENT STOCK,True
2025-11-26,SKU00922,7,0,7,93,26,REORDER REQUIRED,True
2025-12-26,SKU00923,107,0,7,142,58,REORDER REQUIRED,True
2025-12-05,SKU00924,23,0,7,90,23,REORDER REQUIRED,True
2025-11-19,SKU00925,229,0,7,142,65,SUFFICIENT STOCK,False
2025-12-24,SKU00926,275,0,7,262,101,SUFFICIENT STOCK,True
2025-12-26,SKU00927,457,0,7,241,83,SUFFICIENT STOCK,False
2025-12-30,SKU00928,229,0,7,152,58,SUFFICIENT STOCK,False
2025-12-19,SKU00929,171,0,7,1163,422,REORDER REQUIRED,True
2025-12-17,SKU00930,183,0,7,185,68,REORDER REQUIRED,True
2025-12-21,SKU00931,417,0,7,176,43,SUFFICIENT STOCK,False
2025-12-09,SKU00932,306,0,7,124,49,SUFFICIENT STOCK,False
2025-11-07,SKU00933,115,0,7,66,27,SUFFICIENT STOCK,False
2025-12-15,SKU00934,192,0,7,110,37,SUFFICIENT STOCK,False
2025-09-02,SKU00935,6846,0,7,1609,586,SUFFICIENT STOCK,False
2025-12-19,SKU00937,265,0,7,213,75,SUFFICIENT STOCK,True
2025-12-11,SKU00938,80,0,7,64,27,SUFFICIENT STOCK,True
2025-12-24,SKU00939,370,0,7,194,78,SUFFICIENT STOCK,False
2025-12-12,SKU00940,640,0,7,328,117,SUFFICIENT STOCK,False
2025-11-15,SKU00942,111,0,7,1076,373,REORDER REQUIRED,True
2025-12-30,SKU00944,122,0,7,183,82,REORDER REQUIRED,True
2025-12-21,SKU00945,430,0,7,230,87,SUFFICIENT STOCK,False
2025-12-27,SKU00946,144,0,7,99,39,SUFFICIENT STOCK,False
2025-11-13,SKU00948,100,0,7,49,23,SUFFICIENT STOCK,False
2025-12-12,SKU00949,230,0,7,209,80,SUFFICIENT STOCK,True
2025-11-25,SKU00950,221,0,7,92,35,SUFFICIENT STOCK,False
2025-11-18,SKU00951,191,0,7,154,45,SUFFICIENT STOCK,True
2025-12-05,SKU00953,226,0,7,581,178,REORDER REQUIRED,True
2025-11-28,SKU00954,6394,0,7,1537,504,SUFFICIENT STOCK,False
2025-12-19,SKU00955,246,0,7,159,71,SUFFICIENT STOCK,False
2025-12-25,SKU00956,13,0,7,119,47,REORDER REQUIRED,True
2025-11-14,SKU00957,211,0,7,87,31,SUFFICIENT STOCK,False
2025-08-29,SKU00958,3732,0,7,809,279,SUFFICIENT STOCK,False
2025-11-07,SKU00959,51,0,7,42,13,SUFFICIENT STOCK,True
2025-12-15,SKU00960,347,0,7,164,55,SUFFICIENT STOCK,False
2025-12-22,SKU00961,321,0,7,143,41,SUFFICIENT STOCK,False
2025-11-06,SKU00962,141,0,7,81,30,SUFFICIENT STOCK,False
2025-11-07,SKU00963,195,0,7,79,23,SUFFICIENT STOCK,False
2025-12-13,SKU00964,86,0,7,108,31,REORDER REQUIRED,True
2025-08-26,SKU00965,3914,0,7,863,323,SUFFICIENT STOCK,False
2025-12-08,SKU00966,162,0,7,91,31,SUFFICIENT STOCK,False
2025-11-22,SKU00967,119,0,7,51,11,SUFFICIENT STOCK,False
2025-12-15,SKU00968,176,0,7,203,68,REORDER REQUIRED,True
2025-12-19,SKU00970,267,0,7,169,64,SUFFICIENT STOCK,False
2025-12-10,SKU00971,193,0,7,212,83,REORDER REQUIRED,True
2025-11-18,SKU00972,315,0,7,121,49,SUFFICIENT STOCK,False
2025-12-14,SKU00973,466,0,7,274,82,SUFFICIENT STOCK,False
2025-10-05,SKU00974,0,0,7,689,240,OUT OF STOCK,True
2025-12-30,SKU00975,413,0,7,196,58,SUFFICIENT STOCK,False
2025-12-30,SKU00976,234,0,7,879,312,REORDER REQUIRED,True
2025-12-05,SKU00977,208,0,7,110,35,SUFFICIENT STOCK,False
2025-09-02,SKU00978,7182,0,7,1604,588,SUFFICIENT STOCK,False
2025-11-18,SKU00979,26,0,7,59,15,REORDER REQUIRED,True
2025-12-16,SKU00980,62,0,7,151,62,REORDER REQUIRED,True
2025-11-25,SKU00981,237,0,7,171,41,SUFFICIENT STOCK,False
2025-11-25,SKU00982,161,0,7,135,37,SUFFICIENT STOCK,True
2025-12-27,SKU00983,253,0,7,101,45,SUFFICIENT STOCK,False
2025-12-24,SKU00984,150,0,7,181,50,REORDER REQUIRED,True
2025-08-18,SKU00986,5203,0,7,1131,374,SUFFICIENT STOCK,False
2025-09-01,SKU00987,8554,0,7,1998,713,SUFFICIENT STOCK,False
2025-12-13,SKU00988,61,0,7,30,13,SUFFICIENT STOCK,False
2025-12-21,SKU00989,246,0,7,116,33,SUFFICIENT STOCK,False
2025-12-27,SKU00990,490,0,7,333,142,SUFFICIENT STOCK,False
2025-09-02,SKU00991,6857,0,7,1587,582,SUFFICIENT STOCK,False
2025-12-14,SKU00992,179,0,7,124,46,SUFFICIENT STOCK,False
2025-12-21,SKU00993,64,0,7,29,6,SUFFICIENT STOCK,False
2025-10-10,SKU00994,0,0,7,604,177,OUT OF STOCK,True
2025-12-03,SKU00996,158,0,7,1260,455,REORDER REQUIRED,True
2025-12-07,SKU00997,339,0,7,213,72,SUFFICIENT STOCK,False
2025-11-05,SKU00998,109,0,7,94,43,SUFFICIENT STOCK,True
2025-12-19,SKU01001,281,0,7,150,54,SUFFICIENT STOCK,False
2025-11-23,SKU01002,144,0,7,98,22,SUFFICIENT STOCK,False
2025-11-12,SKU01003,180,0,7,156,53,SUFFICIENT STOCK,True
2025-12-20,SKU01004,248,0,7,172,71,SUFFICIENT STOCK,False
2025-12-13,SKU01005,222,0,7,199,67,SUFFICIENT STOCK,True
2025-12-04,SKU01006,337,0,7,131,38,SUFFICIENT STOCK,False
2025-12-23,SKU01007,305,0,7,294,114,SUFFICIENT STOCK,True
2025-11-19,SKU01008,118,0,7,72,16,SUFFICIENT STOCK,False
2025-10-12,SKU01009,0,0,7,941,308,OUT OF STOCK,True
2025-12-30,SKU01010,67,0,7,201,49,REORDER REQUIRED,True
2025-11-26,SKU01011,24,0,7,75,29,REORDER REQUIRED,True
2025-12-15,SKU01012,404,0,7,252,94,SUFFICIENT STOCK,False
2025-12-03,SKU01015,291,0,7,234,88,SUFFICIENT STOCK,True
2025-12-25,SKU01017,70,0,7,83,28,REORDER REQUIRED,True
2025-12-23,SKU01018,221,0,7,113,51,SUFFICIENT STOCK,False
2025-12-22,SKU01019,125,0,7,84,18,SUFFICIENT STOCK,False
2025-12-08,SKU01020,76,0,7,229,75,REORDER REQUIRED,True
2025-09-29,SKU01021,0,0,7,1245,393,OUT OF STOCK,True
2025-12-26,SKU01022,228,0,7,210,73,SUFFICIENT STOCK,True
2025-11-26,SKU01023,5138,0,7,1367,461,SUFFICIENT STOCK,False
2025-11-23,SKU01024,64,0,7,27,10,SUFFICIENT STOCK,False
2025-12-16,SKU01025,472,0,7,293,86,SUFFICIENT STOCK,False
2025-11-15,SKU01027,124,0,7,58,26,SUFFICIENT STOCK,False
2025-12-21,SKU01028,123,0,7,172,53,REORDER REQUIRED,True
2025-12-20,SKU01029,297,0,7,200,71,SUFFICIENT STOCK,False
2025-10-11,SKU01030,0,0,7,735,288,OUT OF STOCK,True
2025-12-31,SKU01031,5133,0,7,1371,501,SUFFICIENT STOCK,False
2025-12-21,SKU01032,4726,0,7,1183,408,SUFFICIENT STOCK,False
2025-12-21,SKU01033,253,0,7,188,61,SUFFICIENT STOCK,False
2025-08-25,SKU01034,5335,0,7,1058,412,SUFFICIENT STOCK,False
2025-12-30,SKU01036,118,0,7,100,38,SUFFICIENT STOCK,True
2025-10-04,SKU01037,0,0,7,919,319,OUT OF STOCK,True
2025-09-02,SKU01038,6977,0,7,1491,515,SUFFICIENT STOCK,False
2025-11-11,SKU01039,40,0,7,49,23,REORDER REQUIRED,True
2025-11-17,SKU01041,44,0,7,134,51,REORDER REQUIRED,True
2025-12-24,SKU01042,5508,0,7,1335,497,SUFFICIENT STOCK,False
2025-12-25,SKU01043,150,0,7,123,48,SUFFICIENT STOCK,True
2025-12-29,SKU01044,284,0,7,198,66,SUFFICIENT STOCK,False
2025-10-08,SKU01045,0,0,7,989,325,OUT OF STOCK,True
2025-08-31,SKU01046,6747,0,7,1568,508,SUFFICIENT STOCK,False
2025-12-16,SKU01047,159,0,7,141,37,SUFFICIENT STOCK,True
2025-11-13,SKU01048,70,0,7,639,235,REORDER REQUIRED,True
2025-12-03,SKU01049,122,0,7,53,18,SUFFICIENT STOCK,False
2025-11-06,SKU01050,64,0,7,57,19,SUFFICIENT STOCK,True
2025-12-21,SKU01052,81,0,7,137,48,REORDER REQUIRED,True
2025-12-21,SKU01053,303,0,7,219,65,SUFFICIENT STOCK,False
2025-11-11,SKU01054,271,0,7,119,46,SUFFICIENT STOCK,False
2025-12-25,SKU01055,21,0,7,52,16,REORDER REQUIRED,True
2025-12-25,SKU01056,279,0,7,141,49,SUFFICIENT STOCK,False
2025-11-16,SKU01057,85,0,7,51,15,SUFFICIENT STOCK,False
2025-11-27,SKU01058,91,0,7,48,20,SUFFICIENT STOCK,False
2025-11-29,SKU01059,162,0,7,99,37,SUFFICIENT STOCK,False
2025-12-17,SKU01061,278,0,7,126,46,SUFFICIENT STOCK,False
2025-12-26,SKU01063,7366,0,7,1696,567,SUFFICIENT STOCK,False
2025-12-14,SKU01064,371,0,7,166,67,SUFFICIENT STOCK,False
2025-12-23,SKU01065,81,0,7,61,14,SUFFICIENT STOCK,False
2025-12-13,SKU01066,311,0,7,244,87,SUFFICIENT STOCK,True
2025-12-12,SKU01067,499,0,7,286,100,SUFFICIENT STOCK,False
2025-08-31,SKU01068,5475,0,7,1199,427,SUFFICIENT STOCK,False
2025-12-27,SKU01069,30,0,7,30,9,REORDER REQUIRED,True
2025-12-26,SKU01070,7217,0,7,1643,561,SUFFICIENT STOCK,False
2025-12-22,SKU01071,405,0,7,217,61,SUFFICIENT STOCK,False
2025-12-25,SKU01072,241,0,7,214,89,SUFFICIENT STOCK,True
2025-12-24,SKU01073,269,0,7,120,33,SUFFICIENT STOCK,False
2025-11-22,SKU01074,106,0,7,49,24,SUFFICIENT STOCK,False
2025-09-02,SKU01075,6602,0,7,1413,499,SUFFICIENT STOCK,False
2025-12-30,SKU01076,370,0,7,220,75,SUFFICIENT STOCK,False
2025-11-12,SKU01077,11,0,7,65,24,REORDER REQUIRED,True
2025-11-17,SKU01078,229,0,7,194,75,SUFFICIENT STOCK,True
2025-12-25,SKU01081,696,0,7,376,113,SUFFICIENT STOCK,False
2025-12-22,SKU01082,363,0,7,223,87,SUFFICIENT STOCK,False
2025-11-13,SKU01083,13,0,7,34,9,REORDER REQUIRED,True
2025-12-20,SKU01085,360,0,7,213,78,SUFFICIENT STOCK,False
2025-12-21,SKU01086,421,0,7,337,110,SUFFICIENT STOCK,True
2025-11-08,SKU01087,62,0,7,140,53,REORDER REQUIRED,True
2025-12-19,SKU01088,185,0,7,126,37,SUFFICIENT STOCK,False
2025-12-17,SKU01090,16,0,7,21,7,REORDER REQUIRED,True
2025-12-03,SKU01091,62,0,7,79,35,REORDER REQUIRED,True
2025-12-25,SKU01092,459,0,7,286,87,SUFFICIENT STOCK,False
2025-11-25,SKU01093,19,0,7,71,15,REORDER REQUIRED,True
2025-12-28,SKU01094,103,0,7,37,15,SUFFICIENT STOCK,False
2025-12-30,SKU01095,170,0,7,79,36,SUFFICIENT STOCK,False
2025-12-26,SKU01096,118,0,7,95,23,SUFFICIENT STOCK,False
2025-12-19,SKU01097,91,0,7,112,54,REORDER REQUIRED,True
2025-12-31,SKU01099,102,0,7,108,44,REORDER REQUIRED,True
2025-12-07,SKU01100,304,0,7,183,78,SUFFICIENT STOCK,False
2025-12-26,SKU01101,90,0,7,55,18,SUFFICIENT STOCK,False
2025-12-01,SKU01102,83,0,7,73,30,SUFFICIENT STOCK,True
2025-11-04,SKU01103,34,0,7,34,8,REORDER REQUIRED,True
2025-12-15,SKU01104,7108,0,7,1687,623,SUFFICIENT STOCK,False
2025-12-21,SKU01106,71,0,7,87,27,REORDER REQUIRED,True
2025-12-11,SKU01107,318,0,7,187,71,SUFFICIENT STOCK,False
2025-12-31,SKU01108,253,0,7,133,43,SUFFICIENT STOCK,False
2025-11-28,SKU01109,395,0,7,232,78,SUFFICIENT STOCK,False
2025-12-09,SKU01110,79,0,7,97,36,REORDER REQUIRED,True
2025-11-02,SKU01112,4645,0,7,1176,406,SUFFICIENT STOCK,False
2025-12-04,SKU01113,153,0,7,95,35,SUFFICIENT STOCK,False
2025-12-16,SKU01114,124,0,7,111,43,SUFFICIENT STOCK,True
2025-12-07,SKU01115,3,0,7,25,11,REORDER REQUIRED,True
2025-11-10,SKU01116,71,0,7,49,15,SUFFICIENT STOCK,False
2025-12-06,SKU01117,557,0,7,288,91,SUFFICIENT STOCK,False
2025-12-11,SKU01118,70,0,7,165,64,REORDER REQUIRED,True
2025-12-26,SKU01119,126,0,7,174,61,REORDER REQUIRED,True
2025-12-24,SKU01120,220,0,7,147,59,SUFFICIENT STOCK,False
2025-12-27,SKU01121,225,0,7,236,86,REORDER REQUIRED,True
2025-11-10,SKU01122,20,0,7,97,27,REORDER REQUIRED,True
2025-12-14,SKU01123,283,0,7,220,65,SUFFICIENT STOCK,True
2025-12-25,SKU01124,614,0,7,344,139,SUFFICIENT STOCK,False
2025-12-25,SKU01125,173,0,7,158,46,SUFFICIENT STOCK,True
2025-12-30,SKU01127,197,0,7,244,109,REORDER REQUIRED,True
2025-12-27,SKU01128,276,0,7,200,66,SUFFICIENT STOCK,False
2025-11-22,SKU01129,52,0,7,89,37,REORDER REQUIRED,True
2025-12-08,SKU01130,248,0,7,136,32,SUFFICIENT STOCK,False
2025-12-25,SKU01131,124,0,7,86,30,SUFFICIENT STOCK,False
2025-12-30,SKU01132,445,0,7,273,114,SUFFICIENT STOCK,False
2025-12-05,SKU01133,5355,0,7,1237,453,SUFFICIENT STOCK,False
2025-11-25,SKU01134,57,0,7,59,20,REORDER REQUIRED,True
2025-12-09,SKU01135,176,0,7,82,28,SUFFICIENT STOCK,False
2025-12-28,SKU01136,498,0,7,237,77,SUFFICIENT STOCK,False
2025-12-20,SKU01137,401,0,7,171,73,SUFFICIENT STOCK,False
2025-10-07,SKU01138,0,0,7,1055,412,OUT OF STOCK,True
2025-12-26,SKU01140,541,0,7,255,97,SUFFICIENT STOCK,False
2025-12-04,SKU01142,272,0,7,150,67,SUFFICIENT STOCK,False
2025-11-20,SKU01143,3,0,7,93,22,REORDER REQUIRED,True
2025-12-28,SKU01144,425,0,7,287,95,SUFFICIENT STOCK,False
2025-12-29,SKU01145,449,0,7,156,50,SUFFICIENT STOCK,False
2025-12-07,SKU01146,422,0,7,314,106,SUFFICIENT STOCK,False
2025-12-22,SKU01147,108,0,7,198,63,REORDER REQUIRED,True
2025-12-25,SKU01148,64,0,7,29,11,SUFFICIENT STOCK,False
2025-12-23,SKU01149,32,0,7,26,10,SUFFICIENT STOCK,True
2025-11-25,SKU01150,54,0,7,81,31,REORDER REQUIRED,True
2025-12-26,SKU01151,256,0,7,136,48,SUFFICIENT STOCK,False
2025-10-12,SKU01152,0,0,7,830,304,OUT OF STOCK,True
2025-09-18,SKU01153,0,0,7,1098,384,OUT OF STOCK,True
2025-12-30,SKU01154,163,0,7,62,24,SUFFICIENT STOCK,False
2025-12-25,SKU01155,382,0,7,257,75,SUFFICIENT STOCK,False
2025-11-16,SKU01156,190,0,7,162,50,SUFFICIENT STOCK,True
2025-12-09,SKU01157,454,0,7,199,59,SUFFICIENT STOCK,False
2025-12-21,SKU01158,320,0,7,187,49,SUFFICIENT STOCK,False
2025-11-22,SKU01159,64,0,7,70,15,REORDER REQUIRED,True
2025-12-20,SKU01160,467,0,7,179,80,SUFFICIENT STOCK,False
2025-11-14,SKU01161,120,0,7,70,26,SUFFICIENT STOCK,False
2025-12-24,SKU01162,186,0,7,98,37,SUFFICIENT STOCK,False
2025-11-29,SKU01163,160,0,7,166,58,REORDER REQUIRED,True
2025-12-28,SKU01164,323,0,7,765,246,REORDER REQUIRED,True
2025-12-12,SKU01165,203,0,7,158,71,SUFFICIENT STOCK,True
2025-11-21,SKU01167,3823,0,7,893,337,SUFFICIENT STOCK,False
2025-12-21,SKU01168,51,0,7,79,29,REORDER REQUIRED,True
2025-12-17,SKU01169,129,0,7,179,48,REORDER REQUIRED,True
2025-12-22,SKU01170,97,0,7,957,341,REORDER REQUIRED,True
2025-12-14,SKU01172,117,0,7,51,17,SUFFICIENT STOCK,False
2025-08-20,SKU01174,9102,0,7,1898,613,SUFFICIENT STOCK,False
2025-11-19,SKU01175,260,0,7,148,53,SUFFICIENT STOCK,False
2025-12-30,SKU01176,468,0,7,240,73,SUFFICIENT STOCK,False
2025-12-18,SKU01177,49,0,7,79,22,REORDER REQUIRED,True
2025-12-30,SKU01178,1,0,7,20,7,REORDER REQUIRED,True
2025-12-26,SKU01181,184,0,7,70,23,SUFFICIENT STOCK,False
2025-12-08,SKU01182,85,0,7,44,19,SUFFICIENT STOCK,False
2025-12-31,SKU01183,152,0,7,119,48,SUFFICIENT STOCK,True
2025-12-21,SKU01184,8,0,7,56,26,REORDER REQUIRED,True
2025-11-10,SKU01185,101,0,7,94,38,SUFFICIENT STOCK,True
2025-12-30,SKU01186,245,0,7,176,59,SUFFICIENT STOCK,False
2025-12-25,SKU01187,293,0,7,180,73,SUFFICIENT STOCK,False
2025-12-19,SKU01188,208,0,7,122,35,SUFFICIENT STOCK,False
2025-12-31,SKU01189,14,0,7,518,202,REORDER REQUIRED,True
2025-12-13,SKU01190,58,0,7,45,13,SUFFICIENT STOCK,False
2025-08-16,SKU01191,4535,0,7,1003,337,SUFFICIENT STOCK,False
2025-12-01,SKU01193,115,0,7,41,16,SUFFICIENT STOCK,False
2025-12-19,SKU01194,346,0,7,246,102,SUFFICIENT STOCK,True
2025-12-10,SKU01195,521,0,7,371,124,SUFFICIENT STOCK,False
2025-12-30,SKU01196,171,0,7,136,49,SUFFICIENT STOCK,True
2025-12-30,SKU01199,179,0,7,223,96,REORDER REQUIRED,True
2025-12-07,SKU01200,4575,0,7,1044,378,SUFFICIENT STOCK,False
2025-12-23,SKU01201,156,0,7,132,48,SUFFICIENT STOCK,True
2025-11-19,SKU01202,100,0,7,78,36,SUFFICIENT STOCK,True
2025-11-09,SKU01203,264,0,7,251,84,SUFFICIENT STOCK,True
2025-11-13,SKU01204,42,0,7,26,10,SUFFICIENT STOCK,False
2025-12-08,SKU01205,317,0,7,175,54,SUFFICIENT STOCK,False
2025-11-12,SKU01206,287,0,7,163,46,SUFFICIENT STOCK,False
2025-12-13,SKU01207,213,0,7,141,68,SUFFICIENT STOCK,False
2025-12-17,SKU01208,241,0,7,146,54,SUFFICIENT STOCK,False
2025-11-11,SKU01209,59,0,7,33,12,SUFFICIENT STOCK,False
2025-12-16,SKU01210,377,0,7,247,84,SUFFICIENT STOCK,False
2025-12-27,SKU01211,206,0,7,152,46,SUFFICIENT STOCK,False
2025-11-26,SKU01213,198,0,7,144,37,SUFFICIENT STOCK,False
2025-12-29,SKU01215,377,0,7,138,33,SUFFICIENT STOCK,False
2025-12-26,SKU01216,250,0,7,215,75,SUFFICIENT STOCK,True
2025-12-12,SKU01217,103,0,7,47,19,SUFFICIENT STOCK,False
2025-12-22,SKU01218,156,0,7,126,44,SUFFICIENT STOCK,True
2025-11-18,SKU01220,212,0,7,74,22,SUFFICIENT STOCK,False
2025-11-12,SKU01221,4,0,7,77,27,REORDER REQUIRED,True
2025-12-26,SKU01222,328,0,7,213,87,SUFFICIENT STOCK,False
2025-11-18,SKU01223,61,0,7,25,12,SUFFICIENT STOCK,False
2025-12-26,SKU01224,281,0,7,163,44,SUFFICIENT STOCK,False
2025-12-20,SKU01225,201,0,7,277,104,REORDER REQUIRED,True
2025-11-01,SKU01226,92,0,7,47,15,SUFFICIENT STOCK,False
2025-12-14,SKU01227,165,0,7,157,45,SUFFICIENT STOCK,True
2025-12-26,SKU01228,137,0,7,97,29,SUFFICIENT STOCK,False
2025-08-29,SKU01229,6258,0,7,1432,439,SUFFICIENT STOCK,False
2025-12-14,SKU01230,402,0,7,206,77,SUFFICIENT STOCK,False
2025-12-22,SKU01231,25,0,7,20,6,SUFFICIENT STOCK,True
2025-12-21,SKU01232,20,0,7,35,10,REORDER REQUIRED,True
2025-12-09,SKU01234,244,0,7,98,34,SUFFICIENT STOCK,False
2025-12-17,SKU01235,74,0,7,83,29,REORDER REQUIRED,True
2025-12-20,SKU01236,232,0,7,95,23,SUFFICIENT STOCK,False
2025-12-19,SKU01237,228,0,7,195,84,SUFFICIENT STOCK,True
2025-12-05,SKU01238,337,0,7,152,51,SUFFICIENT STOCK,False
2025-12-31,SKU01241,207,0,7,95,38,SUFFICIENT STOCK,False
2025-12-13,SKU01242,349,0,7,202,64,SUFFICIENT STOCK,False
2025-11-13,SKU01243,202,0,7,85,39,SUFFICIENT STOCK,False
2025-12-12,SKU01246,174,0,7,289,107,REORDER REQUIRED,True
2025-12-27,SKU01247,463,0,7,228,83,SUFFICIENT STOCK,False
2025-12-16,SKU01248,82,0,7,88,42,REORDER REQUIRED,True
2025-12-19,SKU01249,44,0,7,113,37,REORDER REQUIRED,True
2025-12-28,SKU01250,22,0,7,26,7,REORDER REQUIRED,True
2025-12-19,SKU01251,231,0,7,222,99,SUFFICIENT STOCK,True
2025-12-12,SKU01253,177,0,7,171,67,SUFFICIENT STOCK,True
2025-12-21,SKU01254,180,0,7,118,33,SUFFICIENT STOCK,False
2025-12-30,SKU01255,170,0,7,150,38,SUFFICIENT STOCK,True
2025-12-25,SKU01256,336,0,7,205,75,SUFFICIENT STOCK,False
2025-12-22,SKU01257,480,0,7,290,108,SUFFICIENT STOCK,False
2025-12-31,SKU01258,145,0,7,231,88,REORDER REQUIRED,True
2025-11-12,SKU01259,145,0,7,94,30,SUFFICIENT STOCK,False
2025-12-29,SKU01261,106,0,7,56,18,SUFFICIENT STOCK,False
2025-12-25,SKU01262,370,0,7,208,77,SUFFICIENT STOCK,False
2025-11-12,SKU01263,273,0,7,94,41,SUFFICIENT STOCK,False
2025-08-31,SKU01264,5425,0,7,1155,420,SUFFICIENT STOCK,False
2025-11-19,SKU01265,99,0,7,86,21,SUFFICIENT STOCK,True
2025-12-09,SKU01266,301,0,7,277,85,SUFFICIENT STOCK,True
2025-11-25,SKU01267,326,0,7,153,65,SUFFICIENT STOCK,False
2025-12-31,SKU01268,513,0,7,294,99,SUFFICIENT STOCK,False
2025-12-13,SKU01269,78,0,7,69,19,SUFFICIENT STOCK,True
2025-12-12,SKU01270,445,0,7,215,96,SUFFICIENT STOCK,False
2025-11-29,SKU01271,171,0,7,174,49,REORDER REQUIRED,True
2025-11-29,SKU01272,107,0,7,134,33,REORDER REQUIRED,True
2025-11-09,SKU01273,186,0,7,91,39,SUFFICIENT STOCK,False
2025-10-11,SKU01274,0,0,7,1060,410,OUT OF STOCK,True
2025-11-23,SKU01275,254,0,7,155,58,SUFFICIENT STOCK,False
2025-11-11,SKU01276,114,0,7,177,55,REORDER REQUIRED,True
2025-12-05,SKU01277,221,0,7,115,48,SUFFICIENT STOCK,False
2025-12-27,SKU01278,367,0,7,209,81,SUFFICIENT STOCK,False
2025-12-28,SKU01280,364,0,7,245,69,SUFFICIENT STOCK,False
2025-12-26,SKU01281,133,0,7,116,37,SUFFICIENT STOCK,True
2025-12-12,SKU01282,446,0,7,214,51,SUFFICIENT STOCK,False
2025-12-12,SKU01283,142,0,7,84,39,SUFFICIENT STOCK,False
2025-11-16,SKU01284,81,0,7,64,28,SUFFICIENT STOCK,True
2025-11-10,SKU01286,96,0,7,76,17,SUFFICIENT STOCK,False
2025-12-26,SKU01287,5631,0,7,1374,508,SUFFICIENT STOCK,False
2025-12-07,SKU01288,140,0,7,97,42,SUFFICIENT STOCK,False
2025-11-06,SKU01289,58,0,7,22,10,SUFFICIENT STOCK,False
2025-11-29,SKU01290,365,0,7,196,86,SUFFICIENT STOCK,False
2025-11-02,SKU01292,150,0,7,70,19,SUFFICIENT STOCK,False
2025-11-19,SKU01293,90,0,7,79,36,SUFFICIENT STOCK,True
2025-12-23,SKU01294,44,0,7,106,29,REORDER REQUIRED,True
2025-11-26,SKU01295,31,0,7,100,44,REORDER REQUIRED,True
2025-12-14,SKU01296,156,0,7,112,37,SUFFICIENT STOCK,False
2025-12-05,SKU01297,81,0,7,43,13,SUFFICIENT STOCK,False
2025-11-15,SKU01298,127,0,7,74,22,SUFFICIENT STOCK,False
2025-11-24,SKU01299,286,0,7,122,47,SUFFICIENT STOCK,False
2025-12-16,SKU01301,168,0,7,236,96,REORDER REQUIRED,True
2025-11-27,SKU01302,368,0,7,262,92,SUFFICIENT STOCK,False
2025-08-27,SKU01303,7270,0,7,1639,556,SUFFICIENT STOCK,False
2025-12-29,SKU01305,253,0,7,241,107,SUFFICIENT STOCK,True
2025-12-04,SKU01306,39,0,7,55,13,REORDER REQUIRED,True
2025-12-03,SKU01308,8,0,7,70,27,REORDER REQUIRED,True
2025-12-15,SKU01309,354,0,7,161,62,SUFFICIENT STOCK,False
2025-08-21,SKU01310,8360,0,7,1901,603,SUFFICIENT STOCK,False
2025-11-24,SKU01311,83,0,7,87,32,REORDER REQUIRED,True
2025-12-31,SKU01312,404,0,7,160,63,SUFFICIENT STOCK,False
2025-12-30,SKU01313,287,0,7,210,81,SUFFICIENT STOCK,True
2025-12-19,SKU01314,210,0,7,138,56,SUFFICIENT STOCK,False
2025-12-27,SKU01315,209,0,7,119,43,SUFFICIENT STOCK,False
2025-12-25,SKU01316,331,0,7,177,64,SUFFICIENT STOCK,False
2025-11-23,SKU01317,142,0,7,1156,404,REORDER REQUIRED,True
2025-12-12,SKU01318,6932,0,7,1639,597,SUFFICIENT STOCK,False
2025-11-23,SKU01319,203,0,7,173,37,SUFFICIENT STOCK,True
2025-12-29,SKU01320,642,0,7,355,126,SUFFICIENT STOCK,False
2025-12-19,SKU01321,561,0,7,347,112,SUFFICIENT STOCK,False
2025-12-16,SKU01323,476,0,7,202,71,SUFFICIENT STOCK,False
2025-11-21,SKU01324,80,0,7,74,29,SUFFICIENT STOCK,True
2025-12-04,SKU01325,46,0,7,103,41,REORDER REQUIRED,True
2025-11-27,SKU01326,233,0,7,194,90,SUFFICIENT STOCK,True
2025-11-24,SKU01327,69,0,7,30,12,SUFFICIENT STOCK,False
2025-12-10,SKU01328,118,0,7,77,19,SUFFICIENT STOCK,False
2025-12-20,SKU01329,158,0,7,96,34,SUFFICIENT STOCK,False
2025-12-30,SKU01330,59,0,7,31,7,SUFFICIENT STOCK,False
2025-12-21,SKU01331,633,0,7,258,91,SUFFICIENT STOCK,False
2025-12-14,SKU01332,158,0,7,99,38,SUFFICIENT STOCK,False
2025-12-20,SKU01333,245,0,7,181,53,SUFFICIENT STOCK,False
2025-12-05,SKU01334,7,0,7,92,21,REORDER REQUIRED,True
2025-12-10,SKU01335,132,0,7,52,18,SUFFICIENT STOCK,False
2025-11-12,SKU01336,293,0,7,164,65,SUFFICIENT STOCK,False
2025-08-24,SKU01337,7190,0,7,1673,597,SUFFICIENT STOCK,False
2025-11-14,SKU01338,144,0,7,127,33,SUFFICIENT STOCK,True
2025-12-31,SKU01339,5535,0,7,1172,378,SUFFICIENT STOCK,False
2025-12-23,SKU01341,390,0,7,190,79,SUFFICIENT STOCK,False
2025-12-24,SKU01342,399,0,7,244,62,SUFFICIENT STOCK,False
2025-12-31,SKU01343,85,0,7,128,55,REORDER REQUIRED,True
2025-12-03,SKU01346,111,0,7,142,45,REORDER REQUIRED,True
2025-12-22,SKU01347,155,0,7,154,50,SUFFICIENT STOCK,True
2025-11-07,SKU01348,44,0,7,58,17,REORDER REQUIRED,True
2025-11-16,SKU01349,64,0,7,65,30,REORDER REQUIRED,True
2025-12-22,SKU01350,55,0,7,23,6,SUFFICIENT STOCK,False
2025-12-21,SKU01351,537,0,7,263,86,SUFFICIENT STOCK,False
2025-11-24,SKU01352,149,0,7,108,32,SUFFICIENT STOCK,False
2025-11-11,SKU01354,22,0,7,96,20,REORDER REQUIRED,True
2025-12-17,SKU01355,363,0,7,201,74,SUFFICIENT STOCK,False
2025-12-04,SKU01356,5109,0,7,1216,428,SUFFICIENT STOCK,False
2025-12-08,SKU01357,295,0,7,172,56,SUFFICIENT STOCK,False
2025-12-24,SKU01358,174,0,7,111,49,SUFFICIENT STOCK,False
2025-12-08,SKU01359,172,0,7,167,54,SUFFICIENT STOCK,True
2025-11-29,SKU01360,610,0,7,278,85,SUFFICIENT STOCK,False
2025-12-28,SKU01361,329,0,7,224,55,SUFFICIENT STOCK,False
2025-11-29,SKU01362,339,0,7,158,42,SUFFICIENT STOCK,False
2025-12-19,SKU01363,262,0,7,807,262,REORDER REQUIRED,True
2025-12-21,SKU01365,144,0,7,162,79,REORDER REQUIRED,True
2025-11-16,SKU01366,216,0,7,173,56,SUFFICIENT STOCK,True
2025-11-28,SKU01367,77,0,7,80,31,REORDER REQUIRED,True
2025-12-13,SKU01369,141,0,7,74,36,SUFFICIENT STOCK,False
2025-09-28,SKU01370,0,0,7,1083,366,OUT OF STOCK,True
2025-11-30,SKU01371,5,0,7,767,250,REORDER REQUIRED,True
2025-12-25,SKU01372,31,0,7,83,40,REORDER REQUIRED,True
2025-12-06,SKU01373,28,0,7,36,17,REORDER REQUIRED,True
2025-12-12,SKU01374,99,0,7,127,44,REORDER REQUIRED,True
2025-12-14,SKU01375,185,0,7,131,59,SUFFICIENT STOCK,True
2025-11-09,SKU01376,154,0,7,83,23,SUFFICIENT STOCK,False
2025-11-28,SKU01377,43,0,7,41,12,SUFFICIENT STOCK,True
2025-12-11,SKU01378,50,0,7,99,23,REORDER REQUIRED,True
2025-11-22,SKU01379,264,0,7,99,41,SUFFICIENT STOCK,False
2025-12-25,SKU01382,259,0,7,159,59,SUFFICIENT STOCK,False
2025-12-27,SKU01383,292,0,7,203,66,SUFFICIENT STOCK,False
2025-12-31,SKU01384,131,0,7,84,30,SUFFICIENT STOCK,False
2025-11-04,SKU01385,67,0,7,50,13,SUFFICIENT STOCK,False
2025-12-03,SKU01386,352,0,7,236,85,SUFFICIENT STOCK,False
2025-12-01,SKU01387,203,0,7,150,56,SUFFICIENT STOCK,True
2025-12-16,SKU01388,10,0,7,27,13,REORDER REQUIRED,True
2025-12-16,SKU01389,474,0,7,326,99,SUFFICIENT STOCK,False
2025-12-20,SKU01390,307,0,7,152,59,SUFFICIENT STOCK,False
2025-12-26,SKU01391,14,0,7,66,22,REORDER REQUIRED,True
2025-11-18,SKU01392,82,0,7,37,16,SUFFICIENT STOCK,False
2025-12-24,SKU01393,257,0,7,149,50,SUFFICIENT STOCK,False
2025-12-16,SKU01394,94,0,7,84,29,SUFFICIENT STOCK,True
2025-12-26,SKU01395,267,0,7,218,76,SUFFICIENT STOCK,True
2025-08-25,SKU01396,5114,0,7,1208,402,SUFFICIENT STOCK,False
2025-11-02,SKU01397,54,0,7,33,12,SUFFICIENT STOCK,False
2025-12-22,SKU01398,175,0,7,320,103,REORDER REQUIRED,True
2025-12-24,SKU01399,224,0,7,134,36,SUFFICIENT STOCK,False
2025-12-29,SKU01401,874,0,7,367,129,SUFFICIENT STOCK,False
2025-12-26,SKU01402,584,0,7,268,88,SUFFICIENT STOCK,False
2025-12-13,SKU01403,202,0,7,181,63,SUFFICIENT STOCK,True
2025-12-29,SKU01404,47,0,7,47,17,REORDER REQUIRED,True
2025-12-30,SKU01405,550,0,7,308,116,SUFFICIENT STOCK,False
2025-12-20,SKU01406,122,0,7,138,42,REORDER REQUIRED,True
2025-11-21,SKU01407,6285,0,7,1460,544,SUFFICIENT STOCK,False
2025-11-14,SKU01411,116,0,7,69,20,SUFFICIENT STOCK,False
2025-11-14,SKU01412,158,0,7,93,21,SUFFICIENT STOCK,False
2025-11-05,SKU01414,27,0,7,1100,370,REORDER REQUIRED,True
2025-12-23,SKU01415,361,0,7,250,79,SUFFICIENT STOCK,False
2025-12-05,SKU01416,213,0,7,175,56,SUFFICIENT STOCK,True
2025-11-27,SKU01417,101,0,7,34,8,SUFFICIENT STOCK,False
2025-11-22,SKU01418,95,0,7,96,29,REORDER REQUIRED,True
2025-11-10,SKU01419,94,0,7,58,14,SUFFICIENT STOCK,False
2025-10-09,SKU01420,0,0,7,1027,377,OUT OF STOCK,True
2025-11-26,SKU01421,23,0,7,27,9,REORDER REQUIRED,True
2025-12-27,SKU01422,167,0,7,217,76,REORDER REQUIRED,True
2025-11-19,SKU01423,5987,0,7,1438,524,SUFFICIENT STOCK,False
2025-11-25,SKU01424,6,0,7,50,12,REORDER REQUIRED,True
2025-12-06,SKU01425,347,0,7,263,102,SUFFICIENT STOCK,True
2025-12-14,SKU01427,22,0,7,75,36,REORDER REQUIRED,True
2025-08-31,SKU01428,7389,0,7,1566,567,SUFFICIENT STOCK,False
2025-11-26,SKU01429,339,0,7,187,52,SUFFICIENT STOCK,False
2025-11-17,SKU01430,238,0,7,112,39,SUFFICIENT STOCK,False
2025-11-14,SKU01431,171,0,7,81,32,SUFFICIENT STOCK,False
2025-08-29,SKU01433,8401,0,7,1892,627,SUFFICIENT STOCK,False
2025-12-27,SKU01434,397,0,7,247,72,SUFFICIENT STOCK,False
2025-12-27,SKU01436,77,0,7,56,17,SUFFICIENT STOCK,False
2025-12-26,SKU01437,370,0,7,212,85,SUFFICIENT STOCK,False
2025-11-14,SKU01438,42,0,7,664,205,REORDER REQUIRED,True
2025-12-13,SKU01439,156,0,7,71,24,SUFFICIENT STOCK,False
2025-12-10,SKU01440,81,0,7,76,26,SUFFICIENT STOCK,True
2025-12-08,SKU01441,82,0,7,79,29,SUFFICIENT STOCK,True
2025-11-23,SKU01442,94,0,7,90,25,SUFFICIENT STOCK,True
2025-11-14,SKU01443,155,0,7,79,29,SUFFICIENT STOCK,False
2025-12-02,SKU01444,415,0,7,204,75,SUFFICIENT STOCK,False
2025-12-29,SKU01445,325,0,7,161,58,SUFFICIENT STOCK,False
2025-12-24,SKU01446,143,0,7,212,61,REORDER REQUIRED,True
2025-12-06,SKU01450,91,0,7,123,50,REORDER REQUIRED,True
2025-11-26,SKU01451,271,0,7,161,51,SUFFICIENT STOCK,False
2025-12-10,SKU01452,115,0,7,72,27,SUFFICIENT STOCK,False
2025-12-03,SKU01453,355,0,7,151,65,SUFFICIENT STOCK,False
2025-12-26,SKU01454,136,0,7,104,35,SUFFICIENT STOCK,True
2025-12-31,SKU01455,423,0,7,382,110,SUFFICIENT STOCK,True
2025-12-28,SKU01456,404,0,7,302,94,SUFFICIENT STOCK,False
2025-11-28,SKU01457,67,0,7,127,56,REORDER REQUIRED,True
2025-12-05,SKU01458,212,0,7,85,39,SUFFICIENT STOCK,False
2025-12-14,SKU01459,337,0,7,187,60,SUFFICIENT STOCK,False
2025-12-28,SKU01460,571,0,7,220,62,SUFFICIENT STOCK,False
2025-11-24,SKU01461,123,0,7,139,55,REORDER REQUIRED,True
2025-11-24,SKU01462,168,0,7,85,35,SUFFICIENT STOCK,False
2025-11-30,SKU01463,151,0,7,54,27,SUFFICIENT STOCK,False
2025-11-28,SKU01464,52,0,7,55,19,REORDER REQUIRED,True
2025-11-29,SKU01465,233,0,7,128,49,SUFFICIENT STOCK,False
2025-10-06,SKU01466,0,0,7,966,341,OUT OF STOCK,True
2025-12-16,SKU01467,205,0,7,117,49,SUFFICIENT STOCK,False
2025-12-21,SKU01468,490,0,7,334,125,SUFFICIENT STOCK,False
2025-12-09,SKU01469,380,0,7,190,80,SUFFICIENT STOCK,False
2025-12-09,SKU01470,274,0,7,134,47,SUFFICIENT STOCK,False
2025-11-24,SKU01471,373,0,7,155,46,SUFFICIENT STOCK,False
2025-12-30,SKU01472,611,0,7,277,104,SUFFICIENT STOCK,False
2025-12-25,SKU01473,176,0,7,125,38,SUFFICIENT STOCK,False
2025-11-19,SKU01476,121,0,7,43,21,SUFFICIENT STOCK,False
2025-12-23,SKU01477,68,0,7,40,11,SUFFICIENT STOCK,False
2025-12-29,SKU01479,330,0,7,239,80,SUFFICIENT STOCK,False
2025-12-13,SKU01480,48,0,7,60,29,REORDER REQUIRED,True
2025-12-14,SKU01481,273,0,7,239,86,SUFFICIENT STOCK,True
2025-12-29,SKU01483,297,0,7,150,47,SUFFICIENT STOCK,False
2025-12-25,SKU01484,6,0,7,100,41,REORDER REQUIRED,True
2025-12-18,SKU01485,208,0,7,716,243,REORDER REQUIRED,True
2025-11-27,SKU01486,164,0,7,136,49,SUFFICIENT STOCK,True
2025-12-09,SKU01487,76,0,7,47,20,SUFFICIENT STOCK,False
2025-12-18,SKU01488,127,0,7,49,16,SUFFICIENT STOCK,False
2025-11-14,SKU01489,56,0,7,74,16,REORDER REQUIRED,True
2025-12-18,SKU01490,211,0,7,74,30,SUFFICIENT STOCK,False
2025-11-09,SKU01491,137,0,7,81,18,SUFFICIENT STOCK,False
2025-12-18,SKU01492,504,0,7,281,81,SUFFICIENT STOCK,False
2025-12-07,SKU01493,185,0,7,208,64,REORDER REQUIRED,True
2025-12-28,SKU01494,623,0,7,394,146,SUFFICIENT STOCK,False
2025-09-02,SKU01495,6202,0,7,1397,473,SUFFICIENT STOCK,False
2025-12-09,SKU01496,281,0,7,98,38,SUFFICIENT STOCK,False
2025-12-26,SKU01498,196,0,7,124,35,SUFFICIENT STOCK,False
2025-12-17,SKU01499,0,0,7,43,9,OUT OF STOCK,True
2025-11-12,SKU01500,102,0,7,48,21,SUFFICIENT STOCK,False
2025-12-07,SKU01501,164,0,7,83,33,SUFFICIENT STOCK,False
2025-12-30,SKU01502,352,0,7,148,46,SUFFICIENT STOCK,False
2025-11-28,SKU01503,61,0,7,96,45,REORDER REQUIRED,True
2025-11-16,SKU01504,22,0,7,51,20,REORDER REQUIRED,True
2025-11-30,SKU01505,237,0,7,80,39,SUFFICIENT STOCK,False
2025-12-14,SKU01506,254,0,7,248,92,SUFFICIENT STOCK,True
2025-11-24,SKU01507,108,0,7,1196,411,REORDER REQUIRED,True
2025-12-06,SKU01508,167,0,7,95,26,SUFFICIENT STOCK,False
2025-12-02,SKU01509,168,0,7,86,25,SUFFICIENT STOCK,False
2025-12-06,SKU01510,67,0,7,38,15,SUFFICIENT STOCK,False
2025-12-26,SKU01512,395,0,7,234,97,SUFFICIENT STOCK,False
2025-12-28,SKU01513,96,0,7,223,96,REORDER REQUIRED,True
2025-12-17,SKU01514,509,0,7,257,91,SUFFICIENT STOCK,False
2025-12-14,SKU01515,237,0,7,183,64,SUFFICIENT STOCK,True
2025-12-19,SKU01516,386,0,7,247,65,SUFFICIENT STOCK,False
2025-12-11,SKU01517,110,0,7,140,47,REORDER REQUIRED,True
2025-12-14,SKU01518,575,0,7,357,103,SUFFICIENT STOCK,False
2025-12-23,SKU01519,536,0,7,347,110,SUFFICIENT STOCK,False
2025-12-16,SKU01520,277,0,7,231,69,SUFFICIENT STOCK,True
2025-12-16,SKU01521,210,0,7,196,61,SUFFICIENT STOCK,True
2025-12-23,SKU01523,254,0,7,111,36,SUFFICIENT STOCK,False
2025-12-28,SKU01524,188,0,7,127,47,SUFFICIENT STOCK,False
2025-12-25,SKU01525,40,0,7,27,12,SUFFICIENT STOCK,False
2025-11-07,SKU01526,299,0,7,138,38,SUFFICIENT STOCK,False
2025-11-19,SKU01528,105,0,7,70,31,SUFFICIENT STOCK,False
2025-12-11,SKU01529,349,0,7,224,82,SUFFICIENT STOCK,False
2025-12-16,SKU01530,91,0,7,53,12,SUFFICIENT STOCK,False
2025-12-09,SKU01531,92,0,7,92,43,REORDER REQUIRED,True
2025-11-17,SKU01532,28,0,7,24,7,SUFFICIENT STOCK,True
2025-12-12,SKU01533,185,0,7,244,87,REORDER REQUIRED,True
2025-12-29,SKU01534,495,0,7,172,45,SUFFICIENT STOCK,False
2025-12-08,SKU01535,154,0,7,81,35,SUFFICIENT STOCK,False
2025-12-17,SKU01536,257,0,7,145,51,SUFFICIENT STOCK,False
2025-12-06,SKU01537,13,0,7,61,29,REORDER REQUIRED,True
2025-12-05,SKU01538,6749,0,7,1632,574,SUFFICIENT STOCK,False
2025-12-17,SKU01539,130,0,7,122,47,SUFFICIENT STOCK,True
2025-11-16,SKU01540,201,0,7,108,27,SUFFICIENT STOCK,False
2025-08-24,SKU01542,7538,0,7,1526,514,SUFFICIENT STOCK,False
2025-12-31,SKU01543,360,0,7,248,83,SUFFICIENT STOCK,False
2025-12-19,SKU01544,64,0,7,42,15,SUFFICIENT STOCK,False
2025-12-12,SKU01545,409,0,7,201,72,SUFFICIENT STOCK,False
2025-12-27,SKU01546,35,0,7,126,40,REORDER REQUIRED,True
2025-12-31,SKU01547,225,0,7,984,314,REORDER REQUIRED,True
2025-12-28,SKU01548,106,0,7,131,41,REORDER REQUIRED,True
2025-12-17,SKU01549,317,0,7,231,74,SUFFICIENT STOCK,False
2025-12-30,SKU01550,394,0,7,191,51,SUFFICIENT STOCK,False
2025-12-20,SKU01551,275,0,7,141,49,SUFFICIENT STOCK,False
2025-12-02,SKU01552,140,0,7,184,65,REORDER REQUIRED,True
2025-12-27,SKU01553,82,0,7,85,22,REORDER REQUIRED,True
2025-12-23,SKU01554,443,0,7,279,109,SUFFICIENT STOCK,False
2025-11-01,SKU01555,11,0,7,41,19,REORDER REQUIRED,True
2025-12-22,SKU01557,46,0,7,69,24,REORDER REQUIRED,True
2025-12-29,SKU01558,279,0,7,220,78,SUFFICIENT STOCK,True
2025-11-03,SKU01560,64,0,7,33,10,SUFFICIENT STOCK,False
2025-12-30,SKU01561,189,0,7,165,68,SUFFICIENT STOCK,True
2025-12-16,SKU01562,81,0,7,95,23,REORDER REQUIRED,True
2025-12-30,SKU01564,30,0,7,119,27,REORDER REQUIRED,True
2025-12-02,SKU01565,37,0,7,52,14,REORDER REQUIRED,True
2025-11-27,SKU01567,30,0,7,139,37,REORDER REQUIRED,True
2025-08-23,SKU01568,6596,0,7,1507,466,SUFFICIENT STOCK,False
2025-11-13,SKU01569,41,0,7,39,18,SUFFICIENT STOCK,True
2025-12-07,SKU01570,395,0,7,202,92,SUFFICIENT STOCK,False
2025-12-27,SKU01571,160,0,7,83,34,SUFFICIENT STOCK,False
2025-11-26,SKU01572,199,0,7,69,14,SUFFICIENT STOCK,False
2025-12-07,SKU01573,280,0,7,242,79,SUFFICIENT STOCK,True
2025-11-17,SKU01575,254,0,7,226,77,SUFFICIENT STOCK,True
2025-12-30,SKU01576,25,0,7,97,47,REORDER REQUIRED,True
2025-12-29,SKU01577,35,0,7,88,24,REORDER REQUIRED,True
2025-10-08,SKU01578,0,0,7,1223,414,OUT OF STOCK,True
2025-12-17,SKU01579,52,0,7,106,33,REORDER REQUIRED,True
2025-08-29,SKU01580,5140,0,7,1130,429,SUFFICIENT STOCK,False
2025-12-30,SKU01581,212,0,7,121,41,SUFFICIENT STOCK,False
2025-12-26,SKU01582,427,0,7,201,65,SUFFICIENT STOCK,False
2025-12-10,SKU01584,0,0,7,23,6,OUT OF STOCK,True
2025-12-07,SKU01585,261,0,7,135,43,SUFFICIENT STOCK,False
2025-12-24,SKU01586,187,0,7,74,26,SUFFICIENT STOCK,False
2025-12-23,SKU01587,266,0,7,133,42,SUFFICIENT STOCK,False
2025-12-20,SKU01589,462,0,7,257,90,SUFFICIENT STOCK,False
2025-12-21,SKU01590,438,0,7,399,129,SUFFICIENT STOCK,True
2025-12-25,SKU01591,75,0,7,79,26,REORDER REQUIRED,True
2025-08-18,SKU01592,4157,0,7,969,352,SUFFICIENT STOCK,False
2025-11-22,SKU01593,230,0,7,81,27,SUFFICIENT STOCK,False
2025-12-20,SKU01595,510,0,7,255,93,SUFFICIENT STOCK,False
2025-11-30,SKU01596,311,0,7,254,102,SUFFICIENT STOCK,True
2025-11-02,SKU01597,49,0,7,34,10,SUFFICIENT STOCK,False
2025-12-17,SKU01599,426,0,7,218,64,SUFFICIENT STOCK,False
2025-12-15,SKU01600,273,0,7,150,52,SUFFICIENT STOCK,False
2025-12-09,SKU01601,127,0,7,81,39,SUFFICIENT STOCK,False
2025-12-14,SKU01602,493,0,7,304,83,SUFFICIENT STOCK,False
2025-11-22,SKU01604,87,0,7,75,24,SUFFICIENT STOCK,True
2025-09-01,SKU01605,7934,0,7,1806,648,SUFFICIENT STOCK,False
2025-12-24,SKU01606,376,0,7,289,114,SUFFICIENT STOCK,True
2025-11-27,SKU01607,113,0,7,72,27,SUFFICIENT STOCK,False
2025-11-27,SKU01608,416,0,7,226,79,SUFFICIENT STOCK,False
2025-11-23,SKU01609,512,0,7,269,94,SUFFICIENT STOCK,False
2025-11-29,SKU01610,264,0,7,120,28,SUFFICIENT STOCK,False
2025-11-18,SKU01611,376,0,7,158,41,SUFFICIENT STOCK,False
2025-12-23,SKU01612,52,0,7,36,13,SUFFICIENT STOCK,False
2025-12-19,SKU01613,83,0,7,161,58,REORDER REQUIRED,True
2025-12-29,SKU01614,107,0,7,40,15,SUFFICIENT STOCK,False
2025-11-21,SKU01615,5,0,7,58,25,REORDER REQUIRED,True
2025-12-21,SKU01616,102,0,7,54,22,SUFFICIENT STOCK,False
2025-12-05,SKU01617,194,0,7,264,90,REORDER REQUIRED,True
2025-12-09,SKU01618,233,0,7,82,23,SUFFICIENT STOCK,False
2025-12-26,SKU01619,315,0,7,239,73,SUFFICIENT STOCK,False
2025-12-09,SKU01620,132,0,7,94,24,SUFFICIENT STOCK,False
2025-11-17,SKU01621,356,0,7,227,71,SUFFICIENT STOCK,False
2025-12-18,SKU01623,335,0,7,122,44,SUFFICIENT STOCK,False
2025-12-07,SKU01624,335,0,7,187,62,SUFFICIENT STOCK,False
2025-12-26,SKU01625,209,0,7,81,32,SUFFICIENT STOCK,False
2025-12-20,SKU01626,158,0,7,96,40,SUFFICIENT STOCK,False
2025-12-16,SKU01627,5,0,7,23,5,REORDER REQUIRED,True
2025-12-30,SKU01628,179,0,7,142,48,SUFFICIENT STOCK,True
2025-12-14,SKU01629,686,0,7,305,106,SUFFICIENT STOCK,False
2025-12-05,SKU01630,107,0,7,112,54,REORDER REQUIRED,True
2025-12-09,SKU01631,236,0,7,111,40,SUFFICIENT STOCK,False
2025-12-28,SKU01632,199,0,7,213,79,REORDER REQUIRED,True
2025-11-13,SKU01633,301,0,7,199,74,SUFFICIENT STOCK,False
2025-12-09,SKU01634,313,0,7,129,34,SUFFICIENT STOCK,False
2025-12-16,SKU01635,151,0,7,112,43,SUFFICIENT STOCK,True
2025-12-21,SKU01636,77,0,7,87,23,REORDER REQUIRED,True
2025-12-28,SKU01637,329,0,7,235,95,SUFFICIENT STOCK,True
2025-11-14,SKU01638,279,0,7,111,28,SUFFICIENT STOCK,False
2025-12-15,SKU01639,427,0,7,185,55,SUFFICIENT STOCK,False
2025-11-27,SKU01640,81,0,7,31,10,SUFFICIENT STOCK,False
2025-11-20,SKU01641,41,0,7,22,8,SUFFICIENT STOCK,False
2025-12-17,SKU01642,163,0,7,185,75,REORDER REQUIRED,True
2025-11-07,SKU01643,5104,0,7,1298,469,SUFFICIENT STOCK,False
2025-11-22,SKU01644,408,0,7,212,65,SUFFICIENT STOCK,False
2025-08-31,SKU01645,4937,0,7,1010,332,SUFFICIENT STOCK,False
2025-11-21,SKU01646,450,0,7,274,96,SUFFICIENT STOCK,False
2025-12-01,SKU01647,280,0,7,112,50,SUFFICIENT STOCK,False
2025-12-21,SKU01648,198,0,7,81,28,SUFFICIENT STOCK,False
2025-08-28,SKU01649,6407,0,7,1369,489,SUFFICIENT STOCK,False
2025-12-30,SKU01650,525,0,7,284,103,SUFFICIENT STOCK,False
2025-08-31,SKU01651,5345,0,7,1166,374,SUFFICIENT STOCK,False
2025-12-02,SKU01652,47,0,7,102,42,REORDER REQUIRED,True
2025-12-12,SKU01653,167,0,7,80,33,SUFFICIENT STOCK,False
2025-12-21,SKU01655,135,0,7,76,17,SUFFICIENT STOCK,False
2025-12-03,SKU01656,61,0,7,50,15,SUFFICIENT STOCK,True
2025-11-19,SKU01657,282,0,7,173,53,SUFFICIENT STOCK,False
2025-12-31,SKU01659,393,0,7,234,69,SUFFICIENT STOCK,False
2025-12-19,SKU01660,228,0,7,163,50,SUFFICIENT STOCK,False
2025-10-10,SKU01662,0,0,7,771,233,OUT OF STOCK,True
2025-12-07,SKU01663,70,0,7,95,38,REORDER REQUIRED,True
2025-12-15,SKU01665,186,0,7,140,55,SUFFICIENT STOCK,True
2025-11-28,SKU01666,242,0,7,121,47,SUFFICIENT STOCK,False
2025-12-21,SKU01667,600,0,7,257,71,SUFFICIENT STOCK,False
2025-12-29,SKU01668,182,0,7,237,80,REORDER REQUIRED,True
2025-12-14,SKU01669,225,0,7,122,41,SUFFICIENT STOCK,False
2025-11-19,SKU01670,110,0,7,97,27,SUFFICIENT STOCK,True
2025-12-26,SKU01671,255,0,7,219,92,SUFFICIENT STOCK,True
2025-12-06,SKU01672,351,0,7,172,69,SUFFICIENT STOCK,False
2025-12-01,SKU01673,85,0,7,53,19,SUFFICIENT STOCK,False
2025-08-23,SKU01674,6236,0,7,1375,462,SUFFICIENT STOCK,False
2025-11-30,SKU01675,4370,0,7,1030,345,SUFFICIENT STOCK,False
2025-11-03,SKU01676,87,0,7,40,8,SUFFICIENT STOCK,False
2025-12-24,SKU01677,189,0,7,947,336,REORDER REQUIRED,True
2025-11-24,SKU01678,114,0,7,72,19,SUFFICIENT STOCK,False
2025-11-15,SKU01679,279,0,7,166,65,SUFFICIENT STOCK,False
2025-12-20,SKU01681,76,0,7,158,54,REORDER REQUIRED,True
2025-12-05,SKU01682,336,0,7,235,72,SUFFICIENT STOCK,False
2025-12-25,SKU01683,249,0,7,85,34,SUFFICIENT STOCK,False
2025-12-30,SKU01684,3976,0,7,925,329,SUFFICIENT STOCK,False
2025-12-16,SKU01685,217,0,7,724,267,REORDER REQUIRED,True
2025-12-21,SKU01686,38,0,7,41,13,REORDER REQUIRED,True
2025-12-21,SKU01687,554,0,7,242,99,SUFFICIENT STOCK,False
2025-12-30,SKU01688,17,0,7,54,16,REORDER REQUIRED,True
2025-12-22,SKU01689,422,0,7,241,102,SUFFICIENT STOCK,False
2025-12-20,SKU01690,187,0,7,112,30,SUFFICIENT STOCK,False
2025-11-21,SKU01691,240,0,7,116,37,SUFFICIENT STOCK,False
2025-11-29,SKU01692,82,0,7,63,19,SUFFICIENT STOCK,False
2025-11-29,SKU01693,361,0,7,204,55,SUFFICIENT STOCK,False
2025-11-27,SKU01694,209,0,7,81,18,SUFFICIENT STOCK,False
2025-12-29,SKU01695,318,0,7,287,107,SUFFICIENT STOCK,True
2025-08-27,SKU01696,7948,0,7,1848,649,SUFFICIENT STOCK,False
2025-12-24,SKU01697,185,0,7,110,34,SUFFICIENT STOCK,False
2025-11-30,SKU01698,83,0,7,120,29,REORDER REQUIRED,True
2025-12-26,SKU01699,162,0,7,174,61,REORDER REQUIRED,True
2025-12-19,SKU01700,92,0,7,63,29,SUFFICIENT STOCK,False
2025-12-29,SKU01701,132,0,7,131,57,SUFFICIENT STOCK,True
2025-11-13,SKU01702,202,0,7,196,81,SUFFICIENT STOCK,True
2025-12-15,SKU01704,465,0,7,186,66,SUFFICIENT STOCK,False
2025-12-11,SKU01705,89,0,7,94,23,REORDER REQUIRED,True
2025-12-24,SKU01706,156,0,7,73,29,SUFFICIENT STOCK,False
2025-11-26,SKU01707,71,0,7,25,12,SUFFICIENT STOCK,False
2025-12-24,SKU01708,376,0,7,172,71,SUFFICIENT STOCK,False
2025-12-31,SKU01710,56,0,7,22,10,SUFFICIENT STOCK,False
2025-12-21,SKU01712,329,0,7,187,66,SUFFICIENT STOCK,False
2025-12-28,SKU01713,168,0,7,166,42,SUFFICIENT STOCK,True
2025-12-15,SKU01714,99,0,7,119,34,REORDER REQUIRED,True
2025-12-23,SKU01715,333,0,7,186,75,SUFFICIENT STOCK,False
2025-12-29,SKU01716,349,0,7,203,70,SUFFICIENT STOCK,False
2025-08-31,SKU01717,5126,0,7,1161,429,SUFFICIENT STOCK,False
2025-12-28,SKU01718,67,0,7,144,45,REORDER REQUIRED,True
2025-11-23,SKU01719,287,0,7,97,33,SUFFICIENT STOCK,False
2025-12-20,SKU01720,188,0,7,127,42,SUFFICIENT STOCK,False
2025-11-21,SKU01721,82,0,7,87,28,REORDER REQUIRED,True
2025-11-01,SKU01722,72,0,7,25,8,SUFFICIENT STOCK,False
2025-11-24,SKU01723,254,0,7,107,38,SUFFICIENT STOCK,False
2025-11-17,SKU01724,91,0,7,34,10,SUFFICIENT STOCK,False
2025-12-29,SKU01725,148,0,7,147,46,SUFFICIENT STOCK,True
2025-12-20,SKU01726,151,0,7,68,26,SUFFICIENT STOCK,False
2025-11-09,SKU01727,132,0,7,64,19,SUFFICIENT STOCK,False
2025-12-16,SKU01728,91,0,7,101,35,REORDER REQUIRED,True
2025-11-28,SKU01729,486,0,7,227,87,SUFFICIENT STOCK,False
2025-11-12,SKU01730,131,0,7,88,27,SUFFICIENT STOCK,False
2025-11-17,SKU01731,102,0,7,50,24,SUFFICIENT STOCK,False
2025-12-23,SKU01732,216,0,7,196,68,SUFFICIENT STOCK,True
2025-12-02,SKU01733,149,0,7,118,43,SUFFICIENT STOCK,True
2025-12-18,SKU01734,462,0,7,221,91,SUFFICIENT STOCK,False
2025-12-15,SKU01735,331,0,7,129,47,SUFFICIENT STOCK,False
2025-11-12,SKU01736,6,0,7,97,39,REORDER REQUIRED,True
2025-12-14,SKU01738,96,0,7,64,24,SUFFICIENT STOCK,False
2025-12-04,SKU01739,158,0,7,99,49,SUFFICIENT STOCK,False
2025-12-15,SKU01740,146,0,7,109,45,SUFFICIENT STOCK,True
2025-12-17,SKU01741,220,0,7,128,58,SUFFICIENT STOCK,False
2025-12-22,SKU01742,128,0,7,87,32,SUFFICIENT STOCK,False
2025-12-01,SKU01743,221,0,7,84,23,SUFFICIENT STOCK,False
2025-12-23,SKU01744,152,0,7,91,24,SUFFICIENT STOCK,False
2025-11-30,SKU01745,183,0,7,176,69,SUFFICIENT STOCK,True
2025-12-30,SKU01746,369,0,7,185,47,SUFFICIENT STOCK,False
2025-11-26,SKU01747,262,0,7,144,52,SUFFICIENT STOCK,False
2025-12-23,SKU01748,361,0,7,184,61,SUFFICIENT STOCK,False
2025-11-10,SKU01750,115,0,7,56,17,SUFFICIENT STOCK,False
2025-11-20,SKU01751,170,0,7,1142,377,REORDER REQUIRED,True
2025-12-25,SKU01752,107,0,7,184,66,REORDER REQUIRED,True
2025-12-21,SKU01753,96,0,7,40,11,SUFFICIENT STOCK,False
2025-08-29,SKU01754,7485,0,7,1574,568,SUFFICIENT STOCK,False
2025-11-23,SKU01755,187,0,7,98,37,SUFFICIENT STOCK,False
2025-12-24,SKU01756,872,0,7,408,159,SUFFICIENT STOCK,False
2025-12-13,SKU01757,226,0,7,218,69,SUFFICIENT STOCK,True
2025-11-06,SKU01758,112,0,7,65,30,SUFFICIENT STOCK,False
2025-12-05,SKU01759,1,0,7,31,6,REORDER REQUIRED,True
2025-12-03,SKU01760,117,0,7,119,46,REORDER REQUIRED,True
2025-12-04,SKU01761,67,0,7,99,40,REORDER REQUIRED,True
2025-08-27,SKU01762,3637,0,7,867,326,SUFFICIENT STOCK,False
2025-11-16,SKU01764,322,0,7,114,47,SUFFICIENT STOCK,False
2025-08-24,SKU01766,7095,0,7,1651,598,SUFFICIENT STOCK,False
2025-12-16,SKU01767,109,0,7,60,12,SUFFICIENT STOCK,False
2025-12-05,SKU01768,157,0,7,75,24,SUFFICIENT STOCK,False
2025-11-29,SKU01769,246,0,7,107,50,SUFFICIENT STOCK,False
2025-12-06,SKU01770,4354,0,7,1046,343,SUFFICIENT STOCK,False
2025-12-17,SKU01771,91,0,7,90,27,SUFFICIENT STOCK,True
2025-12-25,SKU01772,266,0,7,136,55,SUFFICIENT STOCK,False
2025-11-24,SKU01773,39,0,7,85,37,REORDER REQUIRED,True
2025-12-17,SKU01774,240,0,7,144,45,SUFFICIENT STOCK,False
2025-12-28,SKU01775,397,0,7,924,340,REORDER REQUIRED,True
2025-12-24,SKU01776,362,0,7,152,60,SUFFICIENT STOCK,False
2025-12-27,SKU01777,175,0,7,196,69,REORDER REQUIRED,True
2025-11-17,SKU01778,201,0,7,133,45,SUFFICIENT STOCK,False
2025-11-25,SKU01779,216,0,7,73,18,SUFFICIENT STOCK,False
2025-12-15,SKU01781,82,0,7,102,29,REORDER REQUIRED,True
2025-11-18,SKU01782,169,0,7,99,25,SUFFICIENT STOCK,False
2025-11-25,SKU01783,143,0,7,115,52,SUFFICIENT STOCK,True
2025-10-11,SKU01784,0,0,7,600,211,OUT OF STOCK,True
2025-11-08,SKU01785,87,0,7,90,20,REORDER REQUIRED,True
2025-12-19,SKU01786,160,0,7,232,97,REORDER REQUIRED,True
2025-11-29,SKU01788,165,0,7,88,38,SUFFICIENT STOCK,False
2025-12-16,SKU01790,239,0,7,172,57,SUFFICIENT STOCK,False
2025-11-05,SKU01791,98,0,7,131,38,REORDER REQUIRED,True
2025-08-25,SKU01792,7560,0,7,1629,548,SUFFICIENT STOCK,False
2025-12-18,SKU01793,337,0,7,296,107,SUFFICIENT STOCK,True
2025-11-10,SKU01794,74,0,7,88,31,REORDER REQUIRED,True
2025-12-17,SKU01795,14,0,7,61,23,REORDER REQUIRED,True
2025-12-24,SKU01796,73,0,7,47,12,SUFFICIENT STOCK,False
2025-12-26,SKU01797,194,0,7,92,26,SUFFICIENT STOCK,False
2025-12-11,SKU01798,221,0,7,110,30,SUFFICIENT STOCK,False
2025-12-11,SKU01799,41,0,7,77,27,REORDER REQUIRED,True
2025-12-15,SKU01800,45,0,7,64,26,REORDER REQUIRED,True
2025-12-19,SKU01801,112,0,7,83,30,SUFFICIENT STOCK,True
2025-12-21,SKU01802,261,0,7,174,49,SUFFICIENT STOCK,False
2025-08-28,SKU01803,6009,0,7,1392,501,SUFFICIENT STOCK,False
2025-12-06,SKU01804,233,0,7,171,55,SUFFICIENT STOCK,False
2025-08-20,SKU01805,8409,0,7,1812,658,SUFFICIENT STOCK,False
2025-12-03,SKU01807,86,0,7,37,10,SUFFICIENT STOCK,False
2025-12-04,SKU01808,399,0,7,233,94,SUFFICIENT STOCK,False
2025-12-15,SKU01809,1,0,7,44,18,REORDER REQUIRED,True
2025-12-19,SKU01810,220,0,7,175,60,SUFFICIENT STOCK,True
2025-12-28,SKU01811,65,0,7,49,20,SUFFICIENT STOCK,True
2025-11-11,SKU01812,63,0,7,89,41,REORDER REQUIRED,True
2025-12-09,SKU01814,61,0,7,73,27,REORDER REQUIRED,True
2025-12-30,SKU01815,44,0,7,91,24,REORDER REQUIRED,True
2025-12-19,SKU01816,54,0,7,22,10,SUFFICIENT STOCK,False
2025-12-31,SKU01817,436,0,7,215,58,SUFFICIENT STOCK,False
2025-12-10,SKU01818,6417,0,7,1473,500,SUFFICIENT STOCK,False
2025-12-13,SKU01819,245,0,7,221,90,SUFFICIENT STOCK,True
2025-12-30,SKU01820,335,0,7,151,57,SUFFICIENT STOCK,False
2025-11-04,SKU01821,87,0,7,61,23,SUFFICIENT STOCK,False
2025-09-02,SKU01822,8424,0,7,1799,663,SUFFICIENT STOCK,False
2025-12-06,SKU01823,216,0,7,139,58,SUFFICIENT STOCK,False
2025-12-24,SKU01824,164,0,7,59,12,SUFFICIENT STOCK,False
2025-12-20,SKU01825,187,0,7,141,48,SUFFICIENT STOCK,True
2025-12-18,SKU01826,43,0,7,37,11,SUFFICIENT STOCK,True
2025-12-30,SKU01827,4950,0,7,1142,398,SUFFICIENT STOCK,False
2025-12-01,SKU01828,76,0,7,35,15,SUFFICIENT STOCK,False
2025-12-31,SKU01829,145,0,7,112,52,SUFFICIENT STOCK,True
2025-08-31,SKU01830,6825,0,7,1438,522,SUFFICIENT STOCK,False
2025-11-29,SKU01831,2,0,7,43,12,REORDER REQUIRED,True
2025-11-17,SKU01832,313,0,7,124,45,SUFFICIENT STOCK,False
2025-12-26,SKU01833,221,0,7,118,40,SUFFICIENT STOCK,False
2025-12-28,SKU01834,215,0,7,125,46,SUFFICIENT STOCK,False
2025-12-08,SKU01835,244,0,7,165,50,SUFFICIENT STOCK,False
2025-12-29,SKU01836,126,0,7,67,26,SUFFICIENT STOCK,False
2025-12-03,SKU01837,120,0,7,126,44,REORDER REQUIRED,True
2025-12-17,SKU01838,374,0,7,164,67,SUFFICIENT STOCK,False
2025-11-15,SKU01839,34,0,7,67,19,REORDER REQUIRED,True
2025-12-31,SKU01840,344,0,7,163,50,SUFFICIENT STOCK,False
2025-12-20,SKU01841,356,0,7,229,101,SUFFICIENT STOCK,False
2025-11-02,SKU01842,72,0,7,173,67,REORDER REQUIRED,True
2025-12-09,SKU01844,229,0,7,207,75,SUFFICIENT STOCK,True
2025-12-30,SKU01845,198,0,7,90,33,SUFFICIENT STOCK,False
2025-12-25,SKU01846,290,0,7,210,59,SUFFICIENT STOCK,False
2025-12-23,SKU01847,92,0,7,45,15,SUFFICIENT STOCK,False
2025-11-20,SKU01848,59,0,7,98,37,REORDER REQUIRED,True
2025-12-14,SKU01849,201,0,7,216,74,REORDER REQUIRED,True
2025-11-12,SKU01850,41,0,7,64,13,REORDER REQUIRED,True
2025-12-29,SKU01853,27,0,7,40,17,REORDER REQUIRED,True
2025-09-01,SKU01854,8415,0,7,1880,684,SUFFICIENT STOCK,False
2025-12-24,SKU01855,26,0,7,52,16,REORDER REQUIRED,True
2025-12-30,SKU01856,295,0,7,161,41,SUFFICIENT STOCK,False
2025-12-16,SKU01857,364,0,7,140,48,SUFFICIENT STOCK,False
2025-12-08,SKU01858,98,0,7,62,16,SUFFICIENT STOCK,False
2025-12-09,SKU01859,421,0,7,213,101,SUFFICIENT STOCK,False
2025-11-11,SKU01860,28,0,7,67,33,REORDER REQUIRED,True
2025-12-25,SKU01861,417,0,7,242,103,SUFFICIENT STOCK,False
2025-12-29,SKU01862,402,0,7,259,103,SUFFICIENT STOCK,False
2025-08-06,SKU01863,4531,0,7,992,375,SUFFICIENT STOCK,False
2025-12-09,SKU01864,130,0,7,59,27,SUFFICIENT STOCK,False
2025-12-31,SKU01865,359,0,7,225,89,SUFFICIENT STOCK,False
2025-12-16,SKU01867,409,0,7,153,51,SUFFICIENT STOCK,False
2025-12-08,SKU01868,274,0,7,127,55,SUFFICIENT STOCK,False
2025-12-28,SKU01869,286,0,7,149,51,SUFFICIENT STOCK,False
2025-12-18,SKU01870,152,0,7,94,26,SUFFICIENT STOCK,False
2025-11-27,SKU01871,40,0,7,95,19,REORDER REQUIRED,True
2025-12-27,SKU01872,157,0,7,91,36,SUFFICIENT STOCK,False
2025-09-01,SKU01874,4326,0,7,957,347,SUFFICIENT STOCK,False
2025-12-05,SKU01875,370,0,7,168,73,SUFFICIENT STOCK,False
2025-12-02,SKU01876,95,0,7,83,38,SUFFICIENT STOCK,True
2025-12-22,SKU01877,188,0,7,139,46,SUFFICIENT STOCK,False
2025-12-22,SKU01878,118,0,7,153,50,REORDER REQUIRED,True
2025-12-09,SKU01879,447,0,7,178,67,SUFFICIENT STOCK,False
2025-08-27,SKU01880,5011,0,7,1081,389,SUFFICIENT STOCK,False
2025-12-22,SKU01881,295,0,7,122,33,SUFFICIENT STOCK,False
2025-12-21,SKU01882,130,0,7,120,30,SUFFICIENT STOCK,True
2025-12-23,SKU01883,305,0,7,146,57,SUFFICIENT STOCK,False
2025-12-10,SKU01884,395,0,7,243,106,SUFFICIENT STOCK,False
2025-12-27,SKU01885,193,0,7,224,77,REORDER REQUIRED,True
2025-12-31,SKU01886,96,0,7,66,22,SUFFICIENT STOCK,False
2025-12-28,SKU01887,192,0,7,137,52,SUFFICIENT STOCK,False
2025-12-24,SKU01888,179,0,7,248,79,REORDER REQUIRED,True
2025-12-29,SKU01889,213,0,7,229,86,REORDER REQUIRED,True
2025-12-23,SKU01891,562,0,7,222,74,SUFFICIENT STOCK,False
2025-12-07,SKU01892,62,0,7,182,52,REORDER REQUIRED,True
2025-12-27,SKU01893,259,0,7,165,57,SUFFICIENT STOCK,False
2025-12-21,SKU01895,459,0,7,228,84,SUFFICIENT STOCK,False
2025-12-03,SKU01896,151,0,7,137,64,SUFFICIENT STOCK,True
2025-12-29,SKU01897,356,0,7,157,60,SUFFICIENT STOCK,False
2025-12-05,SKU01898,173,0,7,138,50,SUFFICIENT STOCK,True
2025-12-02,SKU01899,152,0,7,119,41,SUFFICIENT STOCK,True
2025-12-27,SKU01900,701,0,7,355,128,SUFFICIENT STOCK,False
2025-11-27,SKU01901,231,0,7,130,47,SUFFICIENT STOCK,False
2025-12-15,SKU01902,291,0,7,191,66,SUFFICIENT STOCK,False
2025-11-22,SKU01903,142,0,7,60,14,SUFFICIENT STOCK,False
2025-12-21,SKU01904,165,0,7,85,34,SUFFICIENT STOCK,False
2025-12-26,SKU01905,438,0,7,366,130,SUFFICIENT STOCK,True
2025-08-28,SKU01906,4300,0,7,1005,350,SUFFICIENT STOCK,False
2025-12-30,SKU01908,106,0,7,46,17,SUFFICIENT STOCK,False
2025-12-16,SKU01909,83,0,7,147,45,REORDER REQUIRED,True
2025-09-01,SKU01911,6157,0,7,1354,465,SUFFICIENT STOCK,False
2025-11-23,SKU01912,92,0,7,135,47,REORDER REQUIRED,True
2025-12-30,SKU01913,76,0,7,102,35,REORDER REQUIRED,True
2025-12-29,SKU01914,132,0,7,95,34,SUFFICIENT STOCK,False
2025-12-08,SKU01915,447,0,7,370,132,SUFFICIENT STOCK,True
2025-11-18,SKU01916,324,0,7,160,61,SUFFICIENT STOCK,False
2025-12-31,SKU01917,264,0,7,188,42,SUFFICIENT STOCK,False
2025-12-17,SKU01918,166,0,7,56,17,SUFFICIENT STOCK,False
2025-09-01,SKU01919,5766,0,7,1372,489,SUFFICIENT STOCK,False
2025-12-18,SKU01920,207,0,7,195,61,SUFFICIENT STOCK,True
2025-12-10,SKU01921,158,0,7,109,41,SUFFICIENT STOCK,False
2025-11-18,SKU01922,62,0,7,26,10,SUFFICIENT STOCK,False
2025-12-30,SKU01923,619,0,7,376,120,SUFFICIENT STOCK,False
2025-11-23,SKU01924,68,0,7,26,8,SUFFICIENT STOCK,False
2025-12-25,SKU01925,25,0,7,106,31,REORDER REQUIRED,True
2025-11-17,SKU01927,21,0,7,22,9,REORDER REQUIRED,True
2025-12-04,SKU01928,155,0,7,174,72,REORDER REQUIRED,True
2025-12-28,SKU01930,117,0,7,181,67,REORDER REQUIRED,True
2025-12-02,SKU01931,110,0,7,78,22,SUFFICIENT STOCK,False
2025-11-05,SKU01932,98,0,7,36,11,SUFFICIENT STOCK,False
2025-11-05,SKU01933,104,0,7,152,52,REORDER REQUIRED,True
2025-12-12,SKU01934,434,0,7,228,92,SUFFICIENT STOCK,False
2025-11-04,SKU01935,19,0,7,40,15,REORDER REQUIRED,True
2025-12-20,SKU01936,101,0,7,79,16,SUFFICIENT STOCK,False
2025-12-31,SKU01937,239,0,7,105,32,SUFFICIENT STOCK,False
2025-12-21,SKU01938,160,0,7,111,41,SUFFICIENT STOCK,False
2025-09-02,SKU01939,6142,0,7,1463,501,SUFFICIENT STOCK,False
2025-11-28,SKU01940,308,0,7,116,39,SUFFICIENT STOCK,False
2025-12-13,SKU01941,98,0,7,36,8,SUFFICIENT STOCK,False
2025-12-25,SKU01942,208,0,7,147,43,SUFFICIENT STOCK,False
2025-12-25,SKU01943,150,0,7,197,67,REORDER REQUIRED,True
2025-12-13,SKU01944,455,0,7,191,75,SUFFICIENT STOCK,False
2025-12-24,SKU01945,306,0,7,242,96,SUFFICIENT STOCK,True
2025-11-12,SKU01946,146,0,7,62,27,SUFFICIENT STOCK,False
2025-12-11,SKU01947,248,0,7,126,36,SUFFICIENT STOCK,False
2025-11-29,SKU01948,148,0,7,99,40,SUFFICIENT STOCK,False
2025-12-01,SKU01949,652,0,7,359,114,SUFFICIENT STOCK,False
2025-12-25,SKU01950,480,0,7,259,100,SUFFICIENT STOCK,False
2025-12-27,SKU01951,112,0,7,122,49,REORDER REQUIRED,True
2025-11-06,SKU01952,80,0,7,67,23,SUFFICIENT STOCK,True
2025-12-14,SKU01953,288,0,7,149,65,SUFFICIENT STOCK,False
2025-11-06,SKU01954,102,0,7,65,19,SUFFICIENT STOCK,False
2025-12-31,SKU01955,518,0,7,353,111,SUFFICIENT STOCK,False
2025-12-01,SKU01956,148,0,7,64,28,SUFFICIENT STOCK,False
2025-11-03,SKU01958,67,0,7,65,32,SUFFICIENT STOCK,True
2025-12-19,SKU01960,127,0,7,85,29,SUFFICIENT STOCK,False
2025-12-22,SKU01962,403,0,7,287,110,SUFFICIENT STOCK,False
2025-12-23,SKU01963,295,0,7,182,78,SUFFICIENT STOCK,False
2025-11-26,SKU01964,125,0,7,67,23,SUFFICIENT STOCK,False
2025-11-13,SKU01965,18,0,7,83,20,REORDER REQUIRED,True
2025-12-31,SKU01966,158,0,7,88,25,SUFFICIENT STOCK,False
2025-12-16,SKU01967,280,0,7,166,61,SUFFICIENT STOCK,False
2025-12-23,SKU01968,155,0,7,159,42,REORDER REQUIRED,True
2025-12-13,SKU01969,195,0,7,73,22,SUFFICIENT STOCK,False
2025-08-30,SKU01970,7665,0,7,1735,582,SUFFICIENT STOCK,False
2025-08-21,SKU01971,7448,0,7,1704,558,SUFFICIENT STOCK,False
2025-12-12,SKU01972,183,0,7,66,26,SUFFICIENT STOCK,False
2025-11-21,SKU01974,135,0,7,108,35,SUFFICIENT STOCK,True
2025-12-18,SKU01975,51,0,7,26,12,SUFFICIENT STOCK,False
2025-11-29,SKU01976,220,0,7,246,104,REORDER REQUIRED,True
2025-12-27,SKU01977,319,0,7,212,67,SUFFICIENT STOCK,False
2025-11-15,SKU01978,180,0,7,70,15,SUFFICIENT STOCK,False
2025-12-19,SKU01979,75,0,7,48,24,SUFFICIENT STOCK,False
2025-08-29,SKU01981,7589,0,7,1724,560,SUFFICIENT STOCK,False
2025-12-22,SKU01982,236,0,7,123,32,SUFFICIENT STOCK,False
2025-12-24,SKU01983,192,0,7,78,22,SUFFICIENT STOCK,False
2025-12-20,SKU01984,163,0,7,118,46,SUFFICIENT STOCK,True
2025-11-03,SKU01986,75,0,7,30,7,SUFFICIENT STOCK,False
2025-12-14,SKU01987,11,0,7,23,6,REORDER REQUIRED,True
2025-12-09,SKU01988,290,0,7,678,253,REORDER REQUIRED,True
2025-12-03,SKU01989,421,0,7,183,64,SUFFICIENT STOCK,False
2025-11-18,SKU01990,44,0,7,35,15,SUFFICIENT STOCK,True
2025-12-16,SKU01991,133,0,7,144,48,REORDER REQUIRED,True
2025-12-06,SKU01992,75,0,7,45,22,SUFFICIENT STOCK,False
2025-10-09,SKU01993,0,0,7,486,170,OUT OF STOCK,True
2025-12-19,SKU01994,374,0,7,184,53,SUFFICIENT STOCK,False
2025-12-16,SKU01995,216,0,7,81,19,SUFFICIENT STOCK,False
2025-12-30,SKU01996,68,0,7,158,74,REORDER REQUIRED,True
2025-12-13,SKU01997,243,0,7,94,43,SUFFICIENT STOCK,False
2025-11-23,SKU01999,69,0,7,40,20,SUFFICIENT STOCK,False
2025-12-07,SKU02000,325,0,7,214,81,SUFFICIENT STOCK,False
2025-11-17,SKU02001,293,0,7,124,27,SUFFICIENT STOCK,False
2025-11-22,SKU02002,76,0,7,32,15,SUFFICIENT STOCK,False
2025-11-29,SKU02004,82,0,7,42,14,SUFFICIENT STOCK,False
2025-12-04,SKU02005,66,0,7,47,13,SUFFICIENT STOCK,False
2025-12-29,SKU02007,409,0,7,218,92,SUFFICIENT STOCK,False
2025-12-01,SKU02009,77,0,7,187,87,REORDER REQUIRED,True
2025-12-24,SKU02010,441,0,7,244,98,SUFFICIENT STOCK,False
2025-11-18,SKU02011,280,0,7,137,47,SUFFICIENT STOCK,False
2025-12-25,SKU02012,138,0,7,93,21,SUFFICIENT STOCK,False
2025-12-23,SKU02013,123,0,7,125,55,REORDER REQUIRED,True
2025-11-10,SKU02014,102,0,7,46,23,SUFFICIENT STOCK,False
2025-12-24,SKU02015,228,0,7,226,79,SUFFICIENT STOCK,True
2025-12-18,SKU02016,127,0,7,286,114,REORDER REQUIRED,True
2025-12-03,SKU02017,263,0,7,98,37,SUFFICIENT STOCK,False
2025-11-29,SKU02018,318,0,7,126,54,SUFFICIENT STOCK,False
2025-12-25,SKU02019,17,0,7,22,7,REORDER REQUIRED,True
2025-12-15,SKU02020,163,0,7,84,36,SUFFICIENT STOCK,False
2025-11-27,SKU02021,122,0,7,138,50,REORDER REQUIRED,True
2025-12-13,SKU02022,82,0,7,125,50,REORDER REQUIRED,True
2025-11-04,SKU02023,84,0,7,33,12,SUFFICIENT STOCK,False
2025-12-27,SKU02024,147,0,7,99,26,SUFFICIENT STOCK,False
2025-12-17,SKU02025,255,0,7,173,52,SUFFICIENT STOCK,False
2025-12-13,SKU02026,26,0,7,35,8,REORDER REQUIRED,True
2025-11-11,SKU02027,26,0,7,67,17,REORDER REQUIRED,True
2025-12-07,SKU02028,211,0,7,114,31,SUFFICIENT STOCK,False
2025-12-27,SKU02029,418,0,7,191,64,SUFFICIENT STOCK,False
2025-12-30,SKU02030,222,0,7,187,66,SUFFICIENT STOCK,True
2025-12-04,SKU02031,76,0,7,124,40,REORDER REQUIRED,True
2025-11-15,SKU02032,290,0,7,98,35,SUFFICIENT STOCK,False
2025-11-22,SKU02033,46,0,7,87,36,REORDER REQUIRED,True
2025-12-03,SKU02034,84,0,7,78,31,SUFFICIENT STOCK,True
2025-11-29,SKU02035,106,0,7,46,13,SUFFICIENT STOCK,False
2025-12-30,SKU02037,143,0,7,133,49,SUFFICIENT STOCK,True
2025-11-14,SKU02038,5774,0,7,1416,449,SUFFICIENT STOCK,False
2025-12-02,SKU02039,173,0,7,112,42,SUFFICIENT STOCK,False
2025-11-14,SKU02040,99,0,7,214,87,REORDER REQUIRED,True
2025-12-31,SKU02042,252,0,7,162,62,SUFFICIENT STOCK,False
2025-12-04,SKU02044,199,0,7,140,51,SUFFICIENT STOCK,False
2025-11-12,SKU02045,76,0,7,26,11,SUFFICIENT STOCK,False
2025-12-11,SKU02046,50,0,7,1054,331,REORDER REQUIRED,True
2025-12-15,SKU02047,362,0,7,177,64,SUFFICIENT STOCK,False
2025-12-31,SKU02048,400,0,7,250,99,SUFFICIENT STOCK,False
2025-12-02,SKU02050,90,0,7,177,59,REORDER REQUIRED,True
2025-12-30,SKU02051,103,0,7,221,77,REORDER REQUIRED,True
2025-12-06,SKU02052,296,0,7,158,53,SUFFICIENT STOCK,False
2025-11-11,SKU02053,138,0,7,62,23,SUFFICIENT STOCK,False
2025-12-08,SKU02054,126,0,7,80,26,SUFFICIENT STOCK,False
2025-11-16,SKU02055,4355,0,7,1011,347,SUFFICIENT STOCK,False
2025-12-08,SKU02056,105,0,7,41,13,SUFFICIENT STOCK,False
2025-08-30,SKU02057,7224,0,7,1559,595,SUFFICIENT STOCK,False
2025-11-24,SKU02058,166,0,7,92,26,SUFFICIENT STOCK,False
2025-11-26,SKU02061,62,0,7,26,10,SUFFICIENT STOCK,False
2025-12-15,SKU02062,63,0,7,39,9,SUFFICIENT STOCK,False
2025-12-19,SKU02063,382,0,7,225,69,SUFFICIENT STOCK,False
2025-09-01,SKU02064,7493,0,7,1708,598,SUFFICIENT STOCK,False
2025-12-22,SKU02065,326,0,7,249,81,SUFFICIENT STOCK,True
2025-12-08,SKU02067,155,0,7,193,46,REORDER REQUIRED,True
2025-12-21,SKU02068,53,0,7,882,327,REORDER REQUIRED,True
2025-08-27,SKU02070,4564,0,7,1016,339,SUFFICIENT STOCK,False
2025-12-05,SKU02071,365,0,7,285,129,SUFFICIENT STOCK,True
2025-12-22,SKU02072,236,0,7,94,31,SUFFICIENT STOCK,False
2025-11-18,SKU02073,4,0,7,82,34,REORDER REQUIRED,True
2025-11-19,SKU02074,82,0,7,62,19,SUFFICIENT STOCK,False
2025-12-22,SKU02075,260,0,7,148,54,SUFFICIENT STOCK,False
2025-11-03,SKU02076,30,0,7,51,19,REORDER REQUIRED,True
2025-11-05,SKU02077,4,0,7,31,13,REORDER REQUIRED,True
2025-12-03,SKU02078,228,0,7,98,29,SUFFICIENT STOCK,False
2025-12-14,SKU02079,1,0,7,954,347,REORDER REQUIRED,True
2025-12-04,SKU02080,163,0,7,114,27,SUFFICIENT STOCK,False
2025-12-29,SKU02081,92,0,7,86,34,SUFFICIENT STOCK,True
2025-12-29,SKU02082,73,0,7,97,34,REORDER REQUIRED,True
2025-12-18,SKU02083,89,0,7,119,33,REORDER REQUIRED,True
2025-11-08,SKU02084,239,0,7,126,34,SUFFICIENT STOCK,False
2025-11-29,SKU02085,427,0,7,175,54,SUFFICIENT STOCK,False
2025-11-17,SKU02087,159,0,7,170,67,REORDER REQUIRED,True
2025-12-24,SKU02088,43,0,7,923,340,REORDER REQUIRED,True
2025-11-25,SKU02089,163,0,7,93,30,SUFFICIENT STOCK,False
2025-12-09,SKU02090,712,0,7,361,113,SUFFICIENT STOCK,False
2025-12-14,SKU02091,557,0,7,288,99,SUFFICIENT STOCK,False
2025-11-14,SKU02092,380,0,7,173,55,SUFFICIENT STOCK,False
2025-12-22,SKU02093,267,0,7,108,28,SUFFICIENT STOCK,False
2025-12-05,SKU02094,4523,0,7,1048,360,SUFFICIENT STOCK,False
2025-11-06,SKU02095,235,0,7,87,29,SUFFICIENT STOCK,False
2025-11-12,SKU02096,61,0,7,135,62,REORDER REQUIRED,True
2025-12-29,SKU02097,57,0,7,73,30,REORDER REQUIRED,True
2025-12-24,SKU02099,388,0,7,238,86,SUFFICIENT STOCK,False
2025-12-31,SKU02100,469,0,7,199,64,SUFFICIENT STOCK,False
2025-12-01,SKU02101,70,0,7,84,31,REORDER REQUIRED,True
2025-12-15,SKU02103,152,0,7,57,20,SUFFICIENT STOCK,False
2025-12-07,SKU02104,126,0,7,85,22,SUFFICIENT STOCK,False
2025-12-24,SKU02105,218,0,7,178,62,SUFFICIENT STOCK,True
2025-12-21,SKU02106,44,0,7,81,27,REORDER REQUIRED,True
2025-12-31,SKU02107,345,0,7,264,85,SUFFICIENT STOCK,True
2025-12-08,SKU02108,115,0,7,52,20,SUFFICIENT STOCK,False
2025-12-28,SKU02109,49,0,7,204,84,REORDER REQUIRED,True
2025-12-30,SKU02110,297,0,7,157,61,SUFFICIENT STOCK,False
2025-11-18,SKU02111,35,0,7,62,16,REORDER REQUIRED,True
2025-08-28,SKU02112,7534,0,7,1734,567,SUFFICIENT STOCK,False
2025-12-21,SKU02113,175,0,7,98,45,SUFFICIENT STOCK,False
2025-12-15,SKU02114,5500,0,7,1378,483,SUFFICIENT STOCK,False
2025-12-29,SKU02115,713,0,7,273,95,SUFFICIENT STOCK,False
2025-11-10,SKU02116,265,0,7,172,55,SUFFICIENT STOCK,False
2025-11-15,SKU02117,81,0,7,100,46,REORDER REQUIRED,True
2025-11-16,SKU02118,1,0,7,33,10,REORDER REQUIRED,True
2025-12-10,SKU02119,43,0,7,42,16,SUFFICIENT STOCK,True
2025-12-04,SKU02120,151,0,7,258,72,REORDER REQUIRED,True
2025-11-11,SKU02121,50,0,7,160,64,REORDER REQUIRED,True
2025-12-07,SKU02122,132,0,7,136,59,REORDER REQUIRED,True
2025-12-18,SKU02123,265,0,7,159,70,SUFFICIENT STOCK,False
2025-11-08,SKU02124,126,0,7,57,12,SUFFICIENT STOCK,False
2025-11-27,SKU02125,109,0,7,48,17,SUFFICIENT STOCK,False
2025-11-26,SKU02126,69,0,7,52,22,SUFFICIENT STOCK,True
2025-12-30,SKU02127,2,0,7,59,14,REORDER REQUIRED,True
2025-08-31,SKU02128,4607,0,7,1056,339,SUFFICIENT STOCK,False
2025-08-19,SKU02129,8077,0,7,1876,640,SUFFICIENT STOCK,False
2025-11-21,SKU02130,160,0,7,225,74,REORDER REQUIRED,True
2025-11-19,SKU02131,173,0,7,84,31,SUFFICIENT STOCK,False
2025-12-10,SKU02132,146,0,7,187,69,REORDER REQUIRED,True
2025-12-05,SKU02133,56,0,7,41,13,SUFFICIENT STOCK,False
2025-12-23,SKU02134,116,0,7,60,17,SUFFICIENT STOCK,False
2025-11-02,SKU02135,144,0,7,79,17,SUFFICIENT STOCK,False
2025-12-19,SKU02136,160,0,7,185,49,REORDER REQUIRED,True
2025-11-30,SKU02137,179,0,7,69,34,SUFFICIENT STOCK,False
2025-12-25,SKU02138,175,0,7,131,51,SUFFICIENT STOCK,True
2025-11-10,SKU02139,207,0,7,89,27,SUFFICIENT STOCK,False
2025-11-23,SKU02140,94,0,7,58,19,SUFFICIENT STOCK,False
2025-12-10,SKU02141,208,0,7,605,232,REORDER REQUIRED,True
2025-12-29,SKU02142,5450,0,7,1278,462,SUFFICIENT STOCK,False
2025-12-29,SKU02143,191,0,7,182,76,SUFFICIENT STOCK,True
2025-11-28,SKU02144,83,0,7,36,13,SUFFICIENT STOCK,False
2025-12-29,SKU02145,381,0,7,287,85,SUFFICIENT STOCK,False
2025-12-15,SKU02146,13,0,7,67,29,REORDER REQUIRED,True
2025-11-26,SKU02147,99,0,7,91,25,SUFFICIENT STOCK,True
2025-11-24,SKU02148,301,0,7,169,63,SUFFICIENT STOCK,False
2025-12-12,SKU02149,250,0,7,194,78,SUFFICIENT STOCK,True
2025-11-23,SKU02150,23,0,7,26,8,REORDER REQUIRED,True
2025-12-12,SKU02151,219,0,7,232,76,REORDER REQUIRED,True
2025-12-22,SKU02152,88,0,7,88,32,REORDER REQUIRED,True
2025-12-20,SKU02153,351,0,7,159,47,SUFFICIENT STOCK,False
2025-12-24,SKU02154,481,0,7,330,111,SUFFICIENT STOCK,False
2025-12-02,SKU02155,66,0,7,622,216,REORDER REQUIRED,True
2025-12-28,SKU02156,490,0,7,352,99,SUFFICIENT STOCK,False
2025-12-12,SKU02157,78,0,7,47,21,SUFFICIENT STOCK,False
2025-11-13,SKU02159,86,0,7,42,14,SUFFICIENT STOCK,False
2025-11-01,SKU02160,137,0,7,47,14,SUFFICIENT STOCK,False
2025-11-08,SKU02161,206,0,7,69,17,SUFFICIENT STOCK,False
2025-12-01,SKU02162,46,0,7,56,22,REORDER REQUIRED,True
2025-11-05,SKU02163,282,0,7,96,38,SUFFICIENT STOCK,False
2025-08-26,SKU02164,7760,0,7,1809,632,SUFFICIENT STOCK,False
2025-12-17,SKU02166,160,0,7,174,44,REORDER REQUIRED,True
2025-12-29,SKU02167,202,0,7,98,31,SUFFICIENT STOCK,False
2025-12-13,SKU02168,183,0,7,80,17,SUFFICIENT STOCK,False
2025-12-31,SKU02169,634,0,7,311,118,SUFFICIENT STOCK,False
2025-12-22,SKU02171,357,0,7,199,69,SUFFICIENT STOCK,False
2025-11-24,SKU02172,0,0,7,59,23,OUT OF STOCK,True
2025-12-17,SKU02173,216,0,7,94,35,SUFFICIENT STOCK,False
2025-12-17,SKU02175,88,0,7,120,46,REORDER REQUIRED,True
2025-12-16,SKU02176,196,0,7,773,249,REORDER REQUIRED,True
2025-11-17,SKU02177,163,0,7,70,25,SUFFICIENT STOCK,False
2025-12-12,SKU02178,64,0,7,54,14,SUFFICIENT STOCK,True
2025-12-20,SKU02179,487,0,7,298,98,SUFFICIENT STOCK,False
2025-12-18,SKU02180,232,0,7,223,77,SUFFICIENT STOCK,True
2025-12-25,SKU02182,80,0,7,56,21,SUFFICIENT STOCK,False
2025-12-02,SKU02183,134,0,7,104,39,SUFFICIENT STOCK,True
2025-12-23,SKU02184,231,0,7,164,66,SUFFICIENT STOCK,False
2025-11-11,SKU02185,102,0,7,73,21,SUFFICIENT STOCK,False
2025-11-08,SKU02186,92,0,7,54,18,SUFFICIENT STOCK,False
2025-11-26,SKU02187,126,0,7,80,34,SUFFICIENT STOCK,False
2025-12-10,SKU02188,67,0,7,46,16,SUFFICIENT STOCK,False
2025-12-03,SKU02189,137,0,7,119,39,SUFFICIENT STOCK,True
2025-11-16,SKU02190,156,0,7,84,26,SUFFICIENT STOCK,False
2025-12-18,SKU02191,274,0,7,124,40,SUFFICIENT STOCK,False
2025-12-11,SKU02192,405,0,7,202,88,SUFFICIENT STOCK,False
2025-12-05,SKU02193,125,0,7,57,22,SUFFICIENT STOCK,False
2025-12-20,SKU02194,208,0,7,84,36,SUFFICIENT STOCK,False
2025-12-29,SKU02195,382,0,7,272,87,SUFFICIENT STOCK,False
2025-12-26,SKU02196,200,0,7,112,40,SUFFICIENT STOCK,False
2025-11-14,SKU02197,269,0,7,210,78,SUFFICIENT STOCK,True
2025-12-30,SKU02198,26,0,7,132,47,REORDER REQUIRED,True
2025-12-06,SKU02199,288,0,7,183,76,SUFFICIENT STOCK,False
2025-11-30,SKU02200,114,0,7,72,15,SUFFICIENT STOCK,False
2025-12-31,SKU02201,364,0,7,171,53,SUFFICIENT STOCK,False
2025-12-06,SKU02202,16,0,7,38,8,REORDER REQUIRED,True
2025-12-20,SKU02203,98,0,7,138,47,REORDER REQUIRED,True
2025-12-21,SKU02204,219,0,7,156,60,SUFFICIENT STOCK,False
2025-08-31,SKU02205,7693,0,7,1642,512,SUFFICIENT STOCK,False
2025-12-12,SKU02206,91,0,7,109,34,REORDER REQUIRED,True
2025-12-07,SKU02207,215,0,7,150,68,SUFFICIENT STOCK,True
2025-12-16,SKU02208,358,0,7,153,43,SUFFICIENT STOCK,False
2025-08-26,SKU02209,7739,0,7,1665,570,SUFFICIENT STOCK,False
2025-11-15,SKU02210,255,0,7,125,44,SUFFICIENT STOCK,False
2025-09-01,SKU02211,7710,0,7,1721,526,SUFFICIENT STOCK,False
2025-12-18,SKU02213,321,0,7,206,89,SUFFICIENT STOCK,False
2025-12-19,SKU02214,86,0,7,128,44,REORDER REQUIRED,True
2025-12-19,SKU02216,150,0,7,158,47,REORDER REQUIRED,True
2025-08-26,SKU02217,7628,0,7,1726,603,SUFFICIENT STOCK,False
2025-11-15,SKU02218,11,0,7,73,26,REORDER REQUIRED,True
2025-11-23,SKU02219,64,0,7,115,47,REORDER REQUIRED,True
2025-12-25,SKU02220,279,0,7,328,96,REORDER REQUIRED,True
2025-12-17,SKU02221,6210,0,7,1383,502,SUFFICIENT STOCK,False
2025-12-29,SKU02222,66,0,7,146,55,REORDER REQUIRED,True
2025-11-20,SKU02223,316,0,7,135,44,SUFFICIENT STOCK,False
2025-08-20,SKU02224,4419,0,7,921,330,SUFFICIENT STOCK,False
2025-11-02,SKU02226,17,0,7,25,6,REORDER REQUIRED,True
2025-12-14,SKU02227,247,0,7,261,102,REORDER REQUIRED,True
2025-11-27,SKU02228,310,0,7,235,74,SUFFICIENT STOCK,False
2025-12-22,SKU02229,300,0,7,259,97,SUFFICIENT STOCK,True
2025-12-22,SKU02230,127,0,7,171,53,REORDER REQUIRED,True
2025-12-17,SKU02234,518,0,7,298,82,SUFFICIENT STOCK,False
2025-12-14,SKU02235,114,0,7,104,46,SUFFICIENT STOCK,True
2025-12-14,SKU02236,44,0,7,26,7,SUFFICIENT STOCK,False
2025-12-08,SKU02237,28,0,7,26,6,SUFFICIENT STOCK,True
2025-12-07,SKU02238,207,0,7,279,93,REORDER REQUIRED,True
2025-11-20,SKU02239,250,0,7,117,33,SUFFICIENT STOCK,False
2025-12-30,SKU02240,145,0,7,120,44,SUFFICIENT STOCK,True
2025-12-29,SKU02241,224,0,7,86,34,SUFFICIENT STOCK,False
2025-12-28,SKU02242,163,0,7,212,85,REORDER REQUIRED,True
2025-12-20,SKU02243,155,0,7,197,77,REORDER REQUIRED,True
2025-12-15,SKU02244,165,0,7,172,80,REORDER REQUIRED,True
2025-12-21,SKU02245,286,0,7,326,85,REORDER REQUIRED,True
2025-11-13,SKU02246,238,0,7,85,40,SUFFICIENT STOCK,False
2025-10-12,SKU02247,0,0,7,904,284,OUT OF STOCK,True
2025-12-29,SKU02248,385,0,7,182,66,SUFFICIENT STOCK,False
2025-11-25,SKU02249,59,0,7,27,10,SUFFICIENT STOCK,False
2025-12-15,SKU02250,23,0,7,72,33,REORDER REQUIRED,True
2025-11-23,SKU02252,93,0,7,94,38,REORDER REQUIRED,True
2025-09-01,SKU02253,7801,0,7,1763,585,SUFFICIENT STOCK,False
2025-12-20,SKU02254,104,0,7,72,30,SUFFICIENT STOCK,False
2025-12-31,SKU02257,310,0,7,170,46,SUFFICIENT STOCK,False
2025-12-19,SKU02258,120,0,7,136,42,REORDER REQUIRED,True
2025-12-18,SKU02259,148,0,7,97,43,SUFFICIENT STOCK,False
2025-12-09,SKU02261,168,0,7,65,26,SUFFICIENT STOCK,False
2025-11-19,SKU02262,255,0,7,144,57,SUFFICIENT STOCK,False
2025-12-24,SKU02263,56,0,7,20,5,SUFFICIENT STOCK,False
2025-12-10,SKU02264,154,0,7,154,54,REORDER REQUIRED,True
2025-12-31,SKU02265,143,0,7,163,62,REORDER REQUIRED,True
2025-08-30,SKU02267,8578,0,7,1829,647,SUFFICIENT STOCK,False
2025-11-14,SKU02268,291,0,7,1127,410,REORDER REQUIRED,True
2025-12-14,SKU02269,451,0,7,294,92,SUFFICIENT STOCK,False
2025-12-15,SKU02270,297,0,7,233,93,SUFFICIENT STOCK,True
2025-12-27,SKU02271,459,0,7,336,105,SUFFICIENT STOCK,False
2025-12-04,SKU02272,71,0,7,27,10,SUFFICIENT STOCK,False
2025-12-10,SKU02273,396,0,7,185,55,SUFFICIENT STOCK,False
2025-11-01,SKU02274,109,0,7,90,39,SUFFICIENT STOCK,True
2025-12-01,SKU02275,121,0,7,45,14,SUFFICIENT STOCK,False
2025-12-26,SKU02276,20,0,7,27,8,REORDER REQUIRED,True
2025-12-14,SKU02277,4683,0,7,1149,391,SUFFICIENT STOCK,False
2025-12-26,SKU02278,96,0,7,63,26,SUFFICIENT STOCK,False
2025-12-24,SKU02279,7649,0,7,1794,643,SUFFICIENT STOCK,False
2025-11-21,SKU02280,130,0,7,63,31,SUFFICIENT STOCK,False
2025-11-27,SKU02282,123,0,7,81,39,SUFFICIENT STOCK,False
2025-12-09,SKU02283,629,0,7,335,106,SUFFICIENT STOCK,False
2025-12-18,SKU02284,427,0,7,201,62,SUFFICIENT STOCK,False
2025-11-27,SKU02286,39,0,7,23,5,SUFFICIENT STOCK,False
2025-12-14,SKU02287,338,0,7,227,63,SUFFICIENT STOCK,False
2025-12-30,SKU02288,277,0,7,141,50,SUFFICIENT STOCK,False
2025-12-20,SKU02289,121,0,7,260,107,REORDER REQUIRED,True
2025-12-12,SKU02290,125,0,7,85,20,SUFFICIENT STOCK,False
2025-12-31,SKU02292,152,0,7,89,24,SUFFICIENT STOCK,False
2025-12-28,SKU02293,281,0,7,147,66,SUFFICIENT STOCK,False
2025-11-26,SKU02295,412,0,7,293,93,SUFFICIENT STOCK,False
2025-12-08,SKU02296,299,0,7,148,56,SUFFICIENT STOCK,False
2025-11-09,SKU02297,97,0,7,101,35,REORDER REQUIRED,True
2025-12-29,SKU02298,438,0,7,266,101,SUFFICIENT STOCK,False
2025-12-26,SKU02299,164,0,7,147,61,SUFFICIENT STOCK,True
2025-12-13,SKU02300,147,0,7,81,21,SUFFICIENT STOCK,False
2025-12-11,SKU02301,155,0,7,120,42,SUFFICIENT STOCK,True
2025-12-25,SKU02302,5609,0,7,1362,527,SUFFICIENT STOCK,False
2025-12-05,SKU02303,132,0,7,65,22,SUFFICIENT STOCK,False
2025-12-16,SKU02304,398,0,7,173,71,SUFFICIENT STOCK,False
2025-12-29,SKU02305,262,0,7,134,46,SUFFICIENT STOCK,False
2025-12-26,SKU02307,270,0,7,211,88,SUFFICIENT STOCK,True
2025-12-29,SKU02308,435,0,7,190,89,SUFFICIENT STOCK,False
2025-12-04,SKU02309,67,0,7,96,35,REORDER REQUIRED,True
2025-12-02,SKU02310,1,0,7,72,36,REORDER REQUIRED,True
2025-12-25,SKU02311,675,0,7,376,120,SUFFICIENT STOCK,False
2025-12-30,SKU02312,529,0,7,346,126,SUFFICIENT STOCK,False
2025-12-07,SKU02313,309,0,7,228,78,SUFFICIENT STOCK,False
2025-12-14,SKU02314,32,0,7,79,28,REORDER REQUIRED,True
2025-12-14,SKU02315,291,0,7,138,39,SUFFICIENT STOCK,False
2025-12-01,SKU02316,96,0,7,67,18,SUFFICIENT STOCK,False
2025-11-30,SKU02317,266,0,7,153,50,SUFFICIENT STOCK,False
2025-11-13,SKU02318,109,0,7,128,49,REORDER REQUIRED,True
2025-12-27,SKU02319,247,0,7,141,39,SUFFICIENT STOCK,False
2025-12-04,SKU02320,165,0,7,65,22,SUFFICIENT STOCK,False
2025-11-26,SKU02321,205,0,7,71,35,SUFFICIENT STOCK,False
2025-11-28,SKU02323,273,0,7,112,47,SUFFICIENT STOCK,False
2025-12-30,SKU02324,28,0,7,115,53,REORDER REQUIRED,True
2025-11-19,SKU02325,213,0,7,90,39,SUFFICIENT STOCK,False
2025-12-03,SKU02326,126,0,7,228,84,REORDER REQUIRED,True
2025-12-07,SKU02327,167,0,7,125,48,SUFFICIENT STOCK,True
2025-12-31,SKU02328,27,0,7,87,33,REORDER REQUIRED,True
2025-12-20,SKU02329,204,0,7,231,74,REORDER REQUIRED,True
2025-12-10,SKU02330,396,0,7,255,111,SUFFICIENT STOCK,False
2025-12-17,SKU02332,158,0,7,117,48,SUFFICIENT STOCK,True
2025-12-12,SKU02333,280,0,7,789,259,REORDER REQUIRED,True
2025-12-29,SKU02334,295,0,7,161,52,SUFFICIENT STOCK,False
2025-12-15,SKU02336,123,0,7,183,62,REORDER REQUIRED,True
2025-12-02,SKU02337,200,0,7,159,72,SUFFICIENT STOCK,True
2025-12-10,SKU02339,71,0,7,41,20,SUFFICIENT STOCK,False
2025-10-11,SKU02340,0,0,7,993,324,OUT OF STOCK,True
2025-11-15,SKU02341,290,0,7,107,51,SUFFICIENT STOCK,False
2025-12-30,SKU02342,137,0,7,129,42,SUFFICIENT STOCK,True
2025-12-14,SKU02343,242,0,7,197,81,SUFFICIENT STOCK,True
2025-12-31,SKU02344,71,0,7,80,24,REORDER REQUIRED,True
2025-11-26,SKU02345,312,0,7,169,78,SUFFICIENT STOCK,False
2025-12-10,SKU02346,203,0,7,91,36,SUFFICIENT STOCK,False
2025-12-05,SKU02347,15,0,7,42,10,REORDER REQUIRED,True
2025-12-15,SKU02348,3,0,7,22,10,REORDER REQUIRED,True
2025-12-21,SKU02349,477,0,7,324,123,SUFFICIENT STOCK,False
2025-12-18,SKU02350,304,0,7,125,33,SUFFICIENT STOCK,False
2025-12-21,SKU02351,6398,0,7,1398,470,SUFFICIENT STOCK,False
2025-11-18,SKU02352,218,0,7,114,28,SUFFICIENT STOCK,False
2025-12-30,SKU02353,239,0,7,145,34,SUFFICIENT STOCK,False
2025-12-13,SKU02354,174,0,7,71,23,SUFFICIENT STOCK,False
2025-12-19,SKU02355,92,0,7,678,248,REORDER REQUIRED,True
2025-11-19,SKU02356,345,0,7,162,64,SUFFICIENT STOCK,False
2025-12-24,SKU02357,451,0,7,276,110,SUFFICIENT STOCK,False
2025-12-09,SKU02358,363,0,7,171,59,SUFFICIENT STOCK,False
2025-12-31,SKU02359,266,0,7,100,21,SUFFICIENT STOCK,False
2025-12-19,SKU02360,284,0,7,142,54,SUFFICIENT STOCK,False
2025-12-11,SKU02361,204,0,7,133,42,SUFFICIENT STOCK,False
2025-12-27,SKU02362,462,0,7,249,85,SUFFICIENT STOCK,False
2025-11-23,SKU02363,242,0,7,140,45,SUFFICIENT STOCK,False
2025-11-26,SKU02364,68,0,7,110,35,REORDER REQUIRED,True
2025-12-11,SKU02365,645,0,7,268,86,SUFFICIENT STOCK,False
2025-11-29,SKU02367,311,0,7,189,68,SUFFICIENT STOCK,False
2025-11-06,SKU02368,1,0,7,1058,333,REORDER REQUIRED,True
2025-12-21,SKU02369,39,0,7,31,15,SUFFICIENT STOCK,True
2025-12-24,SKU02370,32,0,7,153,37,REORDER REQUIRED,True
2025-11-21,SKU02371,132,0,7,109,43,SUFFICIENT STOCK,True
2025-12-30,SKU02373,79,0,7,87,26,REORDER REQUIRED,True
2025-12-01,SKU02374,227,0,7,132,51,SUFFICIENT STOCK,False
2025-11-24,SKU02375,5481,0,7,1217,426,SUFFICIENT STOCK,False
2025-09-01,SKU02376,6046,0,7,1428,474,SUFFICIENT STOCK,False
2025-12-29,SKU02377,270,0,7,190,61,SUFFICIENT STOCK,False
2025-12-28,SKU02378,115,0,7,175,52,REORDER REQUIRED,True
2025-12-18,SKU02379,261,0,7,196,75,SUFFICIENT STOCK,True
2025-12-20,SKU02380,365,0,7,191,48,SUFFICIENT STOCK,False
2025-11-20,SKU02381,234,0,7,1013,367,REORDER REQUIRED,True
2025-11-22,SKU02382,249,0,7,147,48,SUFFICIENT STOCK,False
2025-11-25,SKU02383,173,0,7,68,26,SUFFICIENT STOCK,False
2025-11-20,SKU02384,74,0,7,30,11,SUFFICIENT STOCK,False
2025-12-26,SKU02385,72,0,7,72,27,REORDER REQUIRED,True
2025-12-19,SKU02386,5236,0,7,1194,445,SUFFICIENT STOCK,False
2025-09-01,SKU02387,6953,0,7,1617,582,SUFFICIENT STOCK,False
2025-11-13,SKU02388,114,0,7,85,34,SUFFICIENT STOCK,True
2025-12-27,SKU02389,241,0,7,201,65,SUFFICIENT STOCK,True
2025-12-29,SKU02390,103,0,7,56,17,SUFFICIENT STOCK,False
2025-11-19,SKU02391,137,0,7,75,30,SUFFICIENT STOCK,False
2025-12-03,SKU02392,125,0,7,69,31,SUFFICIENT STOCK,False
2025-12-07,SKU02393,152,0,7,102,31,SUFFICIENT STOCK,False
2025-12-18,SKU02394,192,0,7,196,74,REORDER REQUIRED,True
2025-11-23,SKU02395,121,0,7,65,24,SUFFICIENT STOCK,False
2025-11-15,SKU02396,157,0,7,128,37,SUFFICIENT STOCK,True
2025-12-30,SKU02397,355,0,7,155,51,SUFFICIENT STOCK,False
2025-11-23,SKU02398,135,0,7,84,19,SUFFICIENT STOCK,False
2025-11-29,SKU02399,226,0,7,119,44,SUFFICIENT STOCK,False
2025-11-04,SKU02401,85,0,7,638,252,REORDER REQUIRED,True
2025-12-31,SKU02402,466,0,7,186,79,SUFFICIENT STOCK,False
2025-12-10,SKU02403,221,0,7,111,32,SUFFICIENT STOCK,False
2025-11-24,SKU02404,219,0,7,177,52,SUFFICIENT STOCK,True
2025-12-19,SKU02406,456,0,7,275,97,SUFFICIENT STOCK,False
2025-12-05,SKU02407,137,0,7,200,83,REORDER REQUIRED,True
2025-08-29,SKU02408,5128,0,7,1031,328,SUFFICIENT STOCK,False
2025-12-07,SKU02409,26,0,7,94,38,REORDER REQUIRED,True
2025-12-29,SKU02410,711,0,7,332,104,SUFFICIENT STOCK,False
2025-12-18,SKU02412,158,0,7,92,34,SUFFICIENT STOCK,False
2025-11-29,SKU02413,475,0,7,249,71,SUFFICIENT STOCK,False
2025-11-28,SKU02414,31,0,7,53,14,REORDER REQUIRED,True
2025-11-15,SKU02416,187,0,7,140,52,SUFFICIENT STOCK,True
2025-12-10,SKU02417,169,0,7,100,34,SUFFICIENT STOCK,False
2025-12-30,SKU02418,66,0,7,92,38,REORDER REQUIRED,True
2025-11-18,SKU02419,29,0,7,29,6,REORDER REQUIRED,True
2025-12-27,SKU02420,105,0,7,53,19,SUFFICIENT STOCK,False
2025-08-31,SKU02421,7292,0,7,1630,616,SUFFICIENT STOCK,False
2025-11-18,SKU02422,151,0,7,55,27,SUFFICIENT STOCK,False
2025-12-29,SKU02423,382,0,7,223,72,SUFFICIENT STOCK,False
2025-12-09,SKU02424,326,0,7,187,51,SUFFICIENT STOCK,False
2025-12-25,SKU02425,169,0,7,177,65,REORDER REQUIRED,True
2025-11-28,SKU02426,139,0,7,79,39,SUFFICIENT STOCK,False
2025-12-27,SKU02427,419,0,7,433,139,REORDER REQUIRED,True
2025-12-26,SKU02428,335,0,7,241,89,SUFFICIENT STOCK,False
2025-12-05,SKU02429,78,0,7,91,39,REORDER REQUIRED,True
2025-11-21,SKU02431,121,0,7,45,21,SUFFICIENT STOCK,False
2025-12-23,SKU02432,89,0,7,90,37,REORDER REQUIRED,True
2025-11-26,SKU02433,191,0,7,306,114,REORDER REQUIRED,True
2025-12-31,SKU02434,203,0,7,100,39,SUFFICIENT STOCK,False
2025-12-08,SKU02435,118,0,7,51,17,SUFFICIENT STOCK,False
2025-12-23,SKU02436,152,0,7,101,36,SUFFICIENT STOCK,False
2025-12-14,SKU02437,165,0,7,63,16,SUFFICIENT STOCK,False
2025-12-31,SKU02438,389,0,7,169,67,SUFFICIENT STOCK,False
2025-12-29,SKU02439,354,0,7,184,73,SUFFICIENT STOCK,False
2025-12-18,SKU02440,391,0,7,149,67,SUFFICIENT STOCK,False
2025-11-03,SKU02441,112,0,7,45,15,SUFFICIENT STOCK,False
2025-12-25,SKU02442,307,0,7,282,99,SUFFICIENT STOCK,True
2025-12-31,SKU02444,105,0,7,192,62,REORDER REQUIRED,True
2025-11-14,SKU02445,184,0,7,64,25,SUFFICIENT STOCK,False
2025-12-30,SKU02446,229,0,7,108,33,SUFFICIENT STOCK,False
2025-12-05,SKU02447,188,0,7,96,39,SUFFICIENT STOCK,False
2025-12-29,SKU02448,627,0,7,322,107,SUFFICIENT STOCK,False
2025-12-29,SKU02449,147,0,7,1025,308,REORDER REQUIRED,True
2025-12-25,SKU02450,511,0,7,234,100,SUFFICIENT STOCK,False
2025-11-23,SKU02451,218,0,7,80,18,SUFFICIENT STOCK,False
2025-12-31,SKU02452,259,0,7,182,60,SUFFICIENT STOCK,False
2025-11-08,SKU02453,12,0,7,22,6,REORDER REQUIRED,True
2025-12-29,SKU02454,185,0,7,193,52,REORDER REQUIRED,True
2025-12-27,SKU02455,480,0,7,208,82,SUFFICIENT STOCK,False
2025-11-25,SKU02456,305,0,7,132,49,SUFFICIENT STOCK,False
2025-12-20,SKU02457,210,0,7,194,62,SUFFICIENT STOCK,True
2025-11-05,SKU02458,113,0,7,89,36,SUFFICIENT STOCK,True
2025-11-09,SKU02459,218,0,7,88,36,SUFFICIENT STOCK,False
2025-11-01,SKU02461,38,0,7,24,10,SUFFICIENT STOCK,False
2025-12-19,SKU02462,79,0,7,775,231,REORDER REQUIRED,True
2025-12-05,SKU02463,321,0,7,142,32,SUFFICIENT STOCK,False
2025-12-02,SKU02464,85,0,7,29,6,SUFFICIENT STOCK,False
2025-12-16,SKU02465,197,0,7,199,70,REORDER REQUIRED,True
2025-11-19,SKU02466,127,0,7,56,14,SUFFICIENT STOCK,False
2025-12-26,SKU02467,191,0,7,154,50,SUFFICIENT STOCK,True
2025-12-29,SKU02469,263,0,7,189,65,SUFFICIENT STOCK,False
2025-12-07,SKU02470,101,0,7,72,27,SUFFICIENT STOCK,False
2025-08-31,SKU02471,7405,0,7,1598,539,SUFFICIENT STOCK,False
2025-12-05,SKU02472,5930,0,7,1309,457,SUFFICIENT STOCK,False
2025-12-31,SKU02473,246,0,7,227,100,SUFFICIENT STOCK,True
2025-12-27,SKU02475,234,0,7,195,87,SUFFICIENT STOCK,True
2025-12-23,SKU02476,197,0,7,128,53,SUFFICIENT STOCK,False
2025-12-20,SKU02477,33,0,7,43,19,REORDER REQUIRED,True
2025-12-26,SKU02478,146,0,7,122,43,SUFFICIENT STOCK,True
2025-11-17,SKU02479,29,0,7,100,27,REORDER REQUIRED,True
2025-12-28,SKU02481,294,0,7,249,78,SUFFICIENT STOCK,True
2025-11-22,SKU02482,1,0,7,924,311,REORDER REQUIRED,True
2025-12-22,SKU02483,247,0,7,130,46,SUFFICIENT STOCK,False
2025-11-23,SKU02484,167,0,7,1069,383,REORDER REQUIRED,True
2025-12-29,SKU02485,89,0,7,145,64,REORDER REQUIRED,True
2025-12-06,SKU02486,15,0,7,172,79,REORDER REQUIRED,True
2025-12-21,SKU02487,181,0,7,217,68,REORDER REQUIRED,True
2025-12-26,SKU02488,351,0,7,331,114,SUFFICIENT STOCK,True
2025-11-29,SKU02491,21,0,7,26,5,REORDER REQUIRED,True
2025-11-24,SKU02492,162,0,7,166,46,REORDER REQUIRED,True
2025-12-31,SKU02493,696,0,7,378,141,SUFFICIENT STOCK,False
2025-11-27,SKU02494,440,0,7,234,91,SUFFICIENT STOCK,False
2025-11-20,SKU02496,196,0,7,124,48,SUFFICIENT STOCK,False
2025-11-22,SKU02497,139,0,7,84,19,SUFFICIENT STOCK,False
2025-11-25,SKU02498,138,0,7,67,16,SUFFICIENT STOCK,False
2025-08-30,SKU02500,8307,0,7,1935,641,SUFFICIENT STOCK,False
2025-08-30,SKU02501,5819,0,7,1276,468,SUFFICIENT STOCK,False
2025-12-14,SKU02502,486,0,7,370,126,SUFFICIENT STOCK,True
2025-10-10,SKU02503,0,0,7,672,236,OUT OF STOCK,True
2025-12-03,SKU02504,215,0,7,137,40,SUFFICIENT STOCK,False
2025-12-03,SKU02506,24,0,7,91,40,REORDER REQUIRED,True
2025-12-14,SKU02507,64,0,7,40,15,SUFFICIENT STOCK,False
2025-11-30,SKU02508,620,0,7,348,109,SUFFICIENT STOCK,False
2025-12-31,SKU02509,187,0,7,154,46,SUFFICIENT STOCK,True
2025-12-22,SKU02510,349,0,7,148,56,SUFFICIENT STOCK,False
2025-12-06,SKU02511,361,0,7,164,61,SUFFICIENT STOCK,False
2025-12-29,SKU02512,368,0,7,228,88,SUFFICIENT STOCK,False
2025-12-29,SKU02513,439,0,7,291,88,SUFFICIENT STOCK,False
2025-09-02,SKU02514,6863,0,7,1500,450,SUFFICIENT STOCK,False
2025-11-15,SKU02515,162,0,7,106,36,SUFFICIENT STOCK,False
2025-12-29,SKU02516,271,0,7,207,71,SUFFICIENT STOCK,True
2025-11-03,SKU02517,265,0,7,94,45,SUFFICIENT STOCK,False
2025-12-23,SKU02518,11,0,7,26,7,REORDER REQUIRED,True
2025-08-30,SKU02519,6960,0,7,1557,551,SUFFICIENT STOCK,False
2025-11-28,SKU02520,6157,0,7,1522,493,SUFFICIENT STOCK,False
2025-11-01,SKU02521,84,0,7,34,8,SUFFICIENT STOCK,False
2025-12-28,SKU02522,352,0,7,155,46,SUFFICIENT STOCK,False
2025-12-08,SKU02523,464,0,7,306,86,SUFFICIENT STOCK,False
2025-12-05,SKU02524,116,0,7,58,25,SUFFICIENT STOCK,False
2025-11-05,SKU02525,41,0,7,47,22,REORDER REQUIRED,True
2025-12-04,SKU02526,130,0,7,697,263,REORDER REQUIRED,True
2025-11-21,SKU02527,136,0,7,140,49,REORDER REQUIRED,True
2025-11-03,SKU02528,67,0,7,132,39,REORDER REQUIRED,True
2025-12-31,SKU02529,248,0,7,198,65,SUFFICIENT STOCK,True
2025-12-07,SKU02530,206,0,7,177,71,SUFFICIENT STOCK,True
2025-12-02,SKU02531,77,0,7,1267,490,REORDER REQUIRED,True
2025-12-16,SKU02532,144,0,7,858,314,REORDER REQUIRED,True
2025-08-21,SKU02533,5868,0,7,1304,427,SUFFICIENT STOCK,False
2025-12-18,SKU02534,61,0,7,28,12,SUFFICIENT STOCK,False
2025-12-30,SKU02535,249,0,7,187,71,SUFFICIENT STOCK,True
2025-12-05,SKU02536,88,0,7,79,18,SUFFICIENT STOCK,True
2025-12-27,SKU02537,142,0,7,176,80,REORDER REQUIRED,True
2025-12-20,SKU02538,201,0,7,1179,366,REORDER REQUIRED,True
2025-11-09,SKU02539,263,0,7,140,54,SUFFICIENT STOCK,False
2025-11-16,SKU02540,20,0,7,41,14,REORDER REQUIRED,True
2025-11-07,SKU02541,6617,0,7,1492,582,SUFFICIENT STOCK,False
2025-11-22,SKU02542,214,0,7,220,66,REORDER REQUIRED,True
2025-10-10,SKU02543,0,0,7,1053,391,OUT OF STOCK,True
2025-12-20,SKU02544,339,0,7,246,86,SUFFICIENT STOCK,False
2025-11-03,SKU02546,81,0,7,94,42,REORDER REQUIRED,True
2025-12-12,SKU02549,262,0,7,145,50,SUFFICIENT STOCK,False
2025-12-18,SKU02550,86,0,7,75,23,SUFFICIENT STOCK,True
2025-12-06,SKU02551,129,0,7,119,51,SUFFICIENT STOCK,True
2025-12-28,SKU02552,301,0,7,183,62,SUFFICIENT STOCK,False
2025-12-16,SKU02553,14,0,7,25,8,REORDER REQUIRED,True
2025-12-30,SKU02554,267,0,7,188,66,SUFFICIENT STOCK,False
2025-12-28,SKU02555,236,0,7,123,51,SUFFICIENT STOCK,False
2025-11-26,SKU02556,315,0,7,190,51,SUFFICIENT STOCK,False
2025-12-13,SKU02557,149,0,7,107,33,SUFFICIENT STOCK,False
2025-12-30,SKU02558,5251,0,7,1220,422,SUFFICIENT STOCK,False
2025-12-12,SKU02559,27,0,7,77,27,REORDER REQUIRED,True
2025-11-25,SKU02560,100,0,7,75,29,SUFFICIENT STOCK,True
2025-12-30,SKU02561,231,0,7,114,29,SUFFICIENT STOCK,False
2025-12-29,SKU02562,109,0,7,129,45,REORDER REQUIRED,True
2025-11-26,SKU02563,6,0,7,112,42,REORDER REQUIRED,True
2025-12-23,SKU02564,400,0,7,167,61,SUFFICIENT STOCK,False
2025-12-08,SKU02565,183,0,7,63,31,SUFFICIENT STOCK,False
2025-12-29,SKU02566,72,0,7,65,29,SUFFICIENT STOCK,True
2025-08-31,SKU02567,5426,0,7,1290,458,SUFFICIENT STOCK,False
2025-11-29,SKU02568,38,0,7,30,11,SUFFICIENT STOCK,True
2025-12-09,SKU02570,3898,0,7,980,310,SUFFICIENT STOCK,False
2025-12-27,SKU02572,334,0,7,125,41,SUFFICIENT STOCK,False
2025-12-11,SKU02573,270,0,7,209,63,SUFFICIENT STOCK,True
2025-12-31,SKU02574,82,0,7,61,22,SUFFICIENT STOCK,True
2025-12-26,SKU02575,315,0,7,179,45,SUFFICIENT STOCK,False
2025-08-28,SKU02576,4146,0,7,936,318,SUFFICIENT STOCK,False
2025-12-28,SKU02577,191,0,7,154,65,SUFFICIENT STOCK,True
2025-11-28,SKU02578,466,0,7,215,68,SUFFICIENT STOCK,False
2025-12-21,SKU02579,17,0,7,63,14,REORDER REQUIRED,True
2025-11-02,SKU02580,5372,0,7,1312,470,SUFFICIENT STOCK,False
2025-11-16,SKU02581,73,0,7,41,17,SUFFICIENT STOCK,False
2025-12-27,SKU02582,155,0,7,134,56,SUFFICIENT STOCK,True
2025-09-02,SKU02584,7023,0,7,1443,477,SUFFICIENT STOCK,False
2025-12-31,SKU02585,186,0,7,107,36,SUFFICIENT STOCK,False
2025-11-05,SKU02586,211,0,7,129,45,SUFFICIENT STOCK,False
2025-12-27,SKU02587,158,0,7,92,20,SUFFICIENT STOCK,False
2025-08-13,SKU02590,6176,0,7,1384,507,SUFFICIENT STOCK,False
2025-12-18,SKU02591,46,0,7,74,25,REORDER REQUIRED,True
2025-12-02,SKU02592,30,0,7,38,9,REORDER REQUIRED,True
2025-12-30,SKU02593,237,0,7,195,75,SUFFICIENT STOCK,True
2025-12-16,SKU02594,80,0,7,67,27,SUFFICIENT STOCK,True
2025-12-23,SKU02595,84,0,7,61,17,SUFFICIENT STOCK,False
2025-12-28,SKU02596,68,0,7,99,40,REORDER REQUIRED,True
2025-12-23,SKU02597,175,0,7,99,35,SUFFICIENT STOCK,False
2025-12-20,SKU02598,43,0,7,174,66,REORDER REQUIRED,True
2025-12-16,SKU02599,20,0,7,33,13,REORDER REQUIRED,True
2025-12-10,SKU02600,212,0,7,233,93,REORDER REQUIRED,True
2025-12-05,SKU02601,226,0,7,76,22,SUFFICIENT STOCK,False
2025-11-12,SKU02602,0,0,7,32,11,OUT OF STOCK,True
2025-12-31,SKU02603,522,0,7,280,77,SUFFICIENT STOCK,False
2025-12-28,SKU02604,49,0,7,36,11,SUFFICIENT STOCK,False
2025-11-24,SKU02605,351,0,7,145,35,SUFFICIENT STOCK,False
2025-12-14,SKU02606,300,0,7,195,85,SUFFICIENT STOCK,False
2025-12-20,SKU02608,289,0,7,137,57,SUFFICIENT STOCK,False
2025-12-05,SKU02609,206,0,7,129,41,SUFFICIENT STOCK,False
2025-12-15,SKU02610,50,0,7,43,21,SUFFICIENT STOCK,True
2025-12-13,SKU02611,45,0,7,58,18,REORDER REQUIRED,True
2025-12-13,SKU02612,123,0,7,122,38,SUFFICIENT STOCK,True
2025-12-23,SKU02613,192,0,7,108,29,SUFFICIENT STOCK,False
2025-11-23,SKU02614,193,0,7,670,223,REORDER REQUIRED,True
2025-12-26,SKU02615,410,0,7,222,80,SUFFICIENT STOCK,False
2025-11-25,SKU02616,154,0,7,113,38,SUFFICIENT STOCK,False
2025-12-07,SKU02617,141,0,7,57,19,SUFFICIENT STOCK,False
2025-12-29,SKU02618,300,0,7,146,53,SUFFICIENT STOCK,False
2025-12-27,SKU02619,293,0,7,228,88,SUFFICIENT STOCK,True
2025-12-16,SKU02620,197,0,7,109,30,SUFFICIENT STOCK,False
2025-12-07,SKU02621,181,0,7,85,25,SUFFICIENT STOCK,False
2025-12-31,SKU02622,39,0,7,90,42,REORDER REQUIRED,True
2025-12-26,SKU02623,146,0,7,134,41,SUFFICIENT STOCK,True
2025-11-17,SKU02624,125,0,7,73,16,SUFFICIENT STOCK,False
2025-11-10,SKU02625,268,0,7,211,86,SUFFICIENT STOCK,True
2025-12-13,SKU02626,80,0,7,122,40,REORDER REQUIRED,True
2025-11-19,SKU02629,265,0,7,182,67,SUFFICIENT STOCK,False
2025-12-03,SKU02630,110,0,7,65,17,SUFFICIENT STOCK,False
2025-12-24,SKU02631,199,0,7,172,72,SUFFICIENT STOCK,True
2025-12-12,SKU02632,404,0,7,162,49,SUFFICIENT STOCK,False
2025-12-22,SKU02633,169,0,7,95,32,SUFFICIENT STOCK,False
2025-12-03,SKU02634,121,0,7,172,68,REORDER REQUIRED,True
2025-12-17,SKU02635,386,0,7,236,94,SUFFICIENT STOCK,False
2025-11-26,SKU02636,151,0,7,133,54,SUFFICIENT STOCK,True
2025-12-30,SKU02637,509,0,7,243,102,SUFFICIENT STOCK,False
2025-12-05,SKU02638,385,0,7,262,103,SUFFICIENT STOCK,False
2025-09-01,SKU02639,5544,0,7,1167,408,SUFFICIENT STOCK,False
2025-10-01,SKU02640,0,0,7,818,310,OUT OF STOCK,True
2025-12-26,SKU02641,728,0,7,344,133,SUFFICIENT STOCK,False
2025-12-30,SKU02642,188,0,7,135,46,SUFFICIENT STOCK,False
2025-11-12,SKU02644,105,0,7,40,19,SUFFICIENT STOCK,False
2025-12-21,SKU02645,187,0,7,180,47,SUFFICIENT STOCK,True
2025-12-27,SKU02647,673,0,7,451,178,SUFFICIENT STOCK,False
2025-11-14,SKU02648,115,0,7,1259,424,REORDER REQUIRED,True
2025-12-28,SKU02649,28,0,7,97,23,REORDER REQUIRED,True
2025-11-22,SKU02650,231,0,7,132,32,SUFFICIENT STOCK,False
2025-12-28,SKU02651,396,0,7,403,122,REORDER REQUIRED,True
2025-12-23,SKU02652,147,0,7,62,26,SUFFICIENT STOCK,False
2025-11-02,SKU02655,128,0,7,74,23,SUFFICIENT STOCK,False
2025-12-30,SKU02656,99,0,7,51,15,SUFFICIENT STOCK,False
2025-12-11,SKU02657,230,0,7,927,330,REORDER REQUIRED,True
2025-12-19,SKU02658,159,0,7,80,16,SUFFICIENT STOCK,False
2025-12-20,SKU02659,251,0,7,142,57,SUFFICIENT STOCK,False
2025-11-20,SKU02660,21,0,7,973,374,REORDER REQUIRED,True
2025-12-14,SKU02661,125,0,7,107,36,SUFFICIENT STOCK,True
2025-11-21,SKU02662,6858,0,7,1644,544,SUFFICIENT STOCK,False
2025-12-28,SKU02663,93,0,7,174,64,REORDER REQUIRED,True
2025-12-28,SKU02664,202,0,7,164,68,SUFFICIENT STOCK,True
2025-12-15,SKU02665,105,0,7,51,14,SUFFICIENT STOCK,False
2025-12-13,SKU02669,69,0,7,68,27,SUFFICIENT STOCK,True
2025-12-12,SKU02670,196,0,7,67,29,SUFFICIENT STOCK,False
2025-11-23,SKU02671,3,0,7,52,14,REORDER REQUIRED,True
2025-12-25,SKU02672,134,0,7,51,24,SUFFICIENT STOCK,False
2025-11-13,SKU02673,144,0,7,53,15,SUFFICIENT STOCK,False
2025-12-27,SKU02674,412,0,7,247,109,SUFFICIENT STOCK,False
2025-12-15,SKU02675,171,0,7,82,22,SUFFICIENT STOCK,False
2025-12-21,SKU02676,190,0,7,96,32,SUFFICIENT STOCK,False
2025-12-19,SKU02677,415,0,7,210,72,SUFFICIENT STOCK,False
2025-11-06,SKU02678,28,0,7,21,10,SUFFICIENT STOCK,True
2025-12-26,SKU02679,136,0,7,147,63,REORDER REQUIRED,True
2025-12-27,SKU02680,200,0,7,221,72,REORDER REQUIRED,True
2025-11-18,SKU02681,4226,0,7,911,342,SUFFICIENT STOCK,False
2025-12-29,SKU02682,168,0,7,150,64,SUFFICIENT STOCK,True
2025-11-12,SKU02683,128,0,7,953,327,REORDER REQUIRED,True
2025-12-20,SKU02684,413,0,7,147,57,SUFFICIENT STOCK,False
2025-12-13,SKU02685,138,0,7,105,32,SUFFICIENT STOCK,False
2025-11-22,SKU02686,27,0,7,53,23,REORDER REQUIRED,True
2025-12-22,SKU02687,204,0,7,126,62,SUFFICIENT STOCK,False
2025-11-19,SKU02688,155,0,7,124,28,SUFFICIENT STOCK,False
2025-11-19,SKU02689,31,0,7,27,10,SUFFICIENT STOCK,True
2025-12-29,SKU02690,16,0,7,62,22,REORDER REQUIRED,True
2025-12-07,SKU02691,151,0,7,129,55,SUFFICIENT STOCK,True
2025-12-04,SKU02692,30,0,7,868,279,REORDER REQUIRED,True
2025-12-19,SKU02693,109,0,7,178,45,REORDER REQUIRED,True
2025-12-04,SKU02694,5,0,7,24,11,REORDER REQUIRED,True
2025-12-03,SKU02695,195,0,7,207,65,REORDER REQUIRED,True
2025-12-26,SKU02696,132,0,7,48,20,SUFFICIENT STOCK,False
2025-12-25,SKU02697,90,0,7,82,25,SUFFICIENT STOCK,True
2025-11-22,SKU02698,83,0,7,128,46,REORDER REQUIRED,True
2025-12-24,SKU02699,78,0,7,140,44,REORDER REQUIRED,True
2025-12-24,SKU02700,5727,0,7,1375,502,SUFFICIENT STOCK,False
2025-11-27,SKU02701,80,0,7,91,31,REORDER REQUIRED,True
2025-11-21,SKU02702,147,0,7,175,52,REORDER REQUIRED,True
2025-12-21,SKU02703,463,0,7,299,120,SUFFICIENT STOCK,False
2025-12-16,SKU02704,155,0,7,100,40,SUFFICIENT STOCK,False
2025-12-13,SKU02705,119,0,7,50,19,SUFFICIENT STOCK,False
2025-12-04,SKU02706,119,0,7,176,49,REORDER REQUIRED,True
2025-12-11,SKU02707,79,0,7,49,11,SUFFICIENT STOCK,False
2025-12-01,SKU02708,286,0,7,169,66,SUFFICIENT STOCK,False
2025-11-19,SKU02709,252,0,7,146,52,SUFFICIENT STOCK,False
2025-08-28,SKU02710,6103,0,7,1256,437,SUFFICIENT STOCK,False
2025-12-27,SKU02711,312,0,7,279,81,SUFFICIENT STOCK,True
2025-11-12,SKU02712,29,0,7,59,24,REORDER REQUIRED,True
2025-12-10,SKU02713,200,0,7,101,47,SUFFICIENT STOCK,False
2025-12-18,SKU02714,323,0,7,242,61,SUFFICIENT STOCK,False
2025-12-22,SKU02715,297,0,7,164,45,SUFFICIENT STOCK,False
2025-12-25,SKU02716,861,0,7,408,151,SUFFICIENT STOCK,False
2025-11-26,SKU02717,165,0,7,85,26,SUFFICIENT STOCK,False
2025-09-02,SKU02718,7986,0,7,1737,632,SUFFICIENT STOCK,False
2025-12-20,SKU02719,270,0,7,210,91,SUFFICIENT STOCK,True
2025-12-19,SKU02720,234,0,7,146,51,SUFFICIENT STOCK,False
2025-08-28,SKU02722,5778,0,7,1315,497,SUFFICIENT STOCK,False
2025-12-25,SKU02723,86,0,7,109,38,REORDER REQUIRED,True
2025-11-22,SKU02724,221,0,7,108,35,SUFFICIENT STOCK,False
2025-12-18,SKU02725,388,0,7,189,48,SUFFICIENT STOCK,False
2025-12-08,SKU02726,428,0,7,190,60,SUFFICIENT STOCK,False
2025-11-30,SKU02727,130,0,7,100,46,SUFFICIENT STOCK,True
2025-08-29,SKU02728,8435,0,7,1926,647,SUFFICIENT STOCK,False
2025-12-16,SKU02731,372,0,7,246,87,SUFFICIENT STOCK,False
2025-12-16,SKU02732,16,0,7,26,12,REORDER REQUIRED,True
2025-11-05,SKU02733,73,0,7,62,26,SUFFICIENT STOCK,True
2025-12-25,SKU02734,131,0,7,123,28,SUFFICIENT STOCK,True
2025-12-23,SKU02735,22,0,7,82,24,REORDER REQUIRED,True
2025-12-14,SKU02736,257,0,7,196,76,SUFFICIENT STOCK,True
2025-12-07,SKU02737,39,0,7,962,358,REORDER REQUIRED,True
2025-12-04,SKU02738,351,0,7,160,43,SUFFICIENT STOCK,False
2025-11-26,SKU02739,325,0,7,141,50,SUFFICIENT STOCK,False
2025-10-11,SKU02740,0,0,7,814,304,OUT OF STOCK,True
2025-12-24,SKU02741,198,0,7,161,47,SUFFICIENT STOCK,True
2025-12-27,SKU02742,401,0,7,224,80,SUFFICIENT STOCK,False
2025-11-24,SKU02743,122,0,7,49,12,SUFFICIENT STOCK,False
2025-12-19,SKU02744,56,0,7,78,34,REORDER REQUIRED,True
2025-12-21,SKU02745,66,0,7,38,15,SUFFICIENT STOCK,False
2025-12-23,SKU02746,197,0,7,94,36,SUFFICIENT STOCK,False
2025-12-13,SKU02747,236,0,7,1027,362,REORDER REQUIRED,True
2025-11-28,SKU02748,100,0,7,109,45,REORDER REQUIRED,True
2025-11-13,SKU02751,192,0,7,106,33,SUFFICIENT STOCK,False
2025-12-29,SKU02752,491,0,7,350,146,SUFFICIENT STOCK,True
2025-12-06,SKU02753,391,0,7,160,38,SUFFICIENT STOCK,False
2025-12-10,SKU02754,268,0,7,145,40,SUFFICIENT STOCK,False
2025-12-26,SKU02755,36,0,7,23,10,SUFFICIENT STOCK,False
2025-12-20,SKU02756,86,0,7,196,55,REORDER REQUIRED,True
2025-12-12,SKU02757,380,0,7,160,59,SUFFICIENT STOCK,False
2025-12-22,SKU02758,495,0,7,259,79,SUFFICIENT STOCK,False
2025-12-11,SKU02759,93,0,7,90,28,SUFFICIENT STOCK,True
2025-12-25,SKU02761,316,0,7,153,46,SUFFICIENT STOCK,False
2025-12-22,SKU02763,151,0,7,90,24,SUFFICIENT STOCK,False
2025-12-11,SKU02764,75,0,7,61,25,SUFFICIENT STOCK,True
2025-11-15,SKU02765,172,0,7,61,23,SUFFICIENT STOCK,False
2025-12-06,SKU02766,383,0,7,172,48,SUFFICIENT STOCK,False
2025-12-24,SKU02767,289,0,7,150,58,SUFFICIENT STOCK,False
2025-12-19,SKU02768,4583,0,7,1146,392,SUFFICIENT STOCK,False
2025-12-15,SKU02769,173,0,7,84,30,SUFFICIENT STOCK,False
2025-11-20,SKU02770,35,0,7,83,22,REORDER REQUIRED,True
2025-12-23,SKU02771,134,0,7,163,70,REORDER REQUIRED,True
2025-11-22,SKU02772,217,0,7,79,35,SUFFICIENT STOCK,False
2025-12-31,SKU02773,186,0,7,180,65,SUFFICIENT STOCK,True
2025-11-11,SKU02774,388,0,7,145,62,SUFFICIENT STOCK,False
2025-12-09,SKU02775,141,0,7,193,49,REORDER REQUIRED,True
2025-12-17,SKU02776,21,0,7,650,250,REORDER REQUIRED,True
2025-12-28,SKU02777,213,0,7,189,87,SUFFICIENT STOCK,True
2025-12-19,SKU02778,368,0,7,225,80,SUFFICIENT STOCK,False
2025-12-19,SKU02779,114,0,7,168,64,REORDER REQUIRED,True
2025-12-19,SKU02780,7891,0,7,1817,654,SUFFICIENT STOCK,False
2025-12-08,SKU02781,28,0,7,107,46,REORDER REQUIRED,True
2025-11-23,SKU02782,221,0,7,226,79,REORDER REQUIRED,True
2025-11-29,SKU02783,42,0,7,32,9,SUFFICIENT STOCK,False
2025-11-22,SKU02785,380,0,7,217,63,SUFFICIENT STOCK,False
2025-12-23,SKU02786,14,0,7,21,9,REORDER REQUIRED,True
2025-12-01,SKU02787,53,0,7,108,38,REORDER REQUIRED,True
2025-11-29,SKU02788,87,0,7,65,20,SUFFICIENT STOCK,False
2025-12-23,SKU02789,355,0,7,177,67,SUFFICIENT STOCK,False
2025-12-08,SKU02790,164,0,7,69,23,SUFFICIENT STOCK,False
2025-11-23,SKU02791,82,0,7,66,30,SUFFICIENT STOCK,True
2025-11-25,SKU02792,273,0,7,218,65,SUFFICIENT STOCK,True
2025-12-24,SKU02793,160,0,7,118,48,SUFFICIENT STOCK,True
2025-08-24,SKU02794,5277,0,7,1171,414,SUFFICIENT STOCK,False
2025-12-22,SKU02795,204,0,7,192,73,SUFFICIENT STOCK,True
2025-12-22,SKU02796,149,0,7,109,40,SUFFICIENT STOCK,False
2025-11-15,SKU02797,162,0,7,81,27,SUFFICIENT STOCK,False
2025-12-29,SKU02798,336,0,7,324,142,SUFFICIENT STOCK,True
2025-12-25,SKU02799,332,0,7,235,86,SUFFICIENT STOCK,False
2025-12-13,SKU02800,366,0,7,181,68,SUFFICIENT STOCK,False
2025-12-24,SKU02801,259,0,7,215,88,SUFFICIENT STOCK,True
2025-11-29,SKU02802,226,0,7,163,58,SUFFICIENT STOCK,False
2025-12-31,SKU02803,452,0,7,250,106,SUFFICIENT STOCK,False
2025-12-21,SKU02804,237,0,7,262,84,REORDER REQUIRED,True
2025-12-23,SKU02805,136,0,7,136,49,REORDER REQUIRED,True
2025-12-25,SKU02806,238,0,7,144,65,SUFFICIENT STOCK,False
2025-12-23,SKU02807,457,0,7,282,101,SUFFICIENT STOCK,False
2025-12-20,SKU02808,315,0,7,163,60,SUFFICIENT STOCK,False
2025-12-27,SKU02809,253,0,7,185,70,SUFFICIENT STOCK,True
2025-11-24,SKU02810,54,0,7,70,29,REORDER REQUIRED,True
2025-12-28,SKU02811,491,0,7,272,81,SUFFICIENT STOCK,False
2025-12-23,SKU02812,402,0,7,223,87,SUFFICIENT STOCK,False
2025-12-22,SKU02813,930,0,7,412,124,SUFFICIENT STOCK,False
2025-11-26,SKU02815,365,0,7,168,48,SUFFICIENT STOCK,False
2025-12-30,SKU02816,294,0,7,207,80,SUFFICIENT STOCK,False
2025-12-24,SKU02817,226,0,7,159,46,SUFFICIENT STOCK,False
2025-11-01,SKU02818,58,0,7,65,28,REORDER REQUIRED,True
2025-11-27,SKU02819,87,0,7,114,36,REORDER REQUIRED,True
2025-11-21,SKU02820,100,0,7,182,60,REORDER REQUIRED,True
2025-12-10,SKU02821,216,0,7,184,57,SUFFICIENT STOCK,True
2025-12-09,SKU02822,7709,0,7,1898,642,SUFFICIENT STOCK,False
2025-12-24,SKU02823,8,0,7,27,11,REORDER REQUIRED,True
2025-12-26,SKU02824,179,0,7,106,37,SUFFICIENT STOCK,False
2025-12-14,SKU02825,232,0,7,159,64,SUFFICIENT STOCK,False
2025-12-14,SKU02826,214,0,7,974,276,REORDER REQUIRED,True
2025-12-29,SKU02827,100,0,7,72,21,SUFFICIENT STOCK,False
2025-12-28,SKU02828,587,0,7,248,77,SUFFICIENT STOCK,False
2025-12-21,SKU02829,15,0,7,33,16,REORDER REQUIRED,True
2025-12-28,SKU02830,162,0,7,148,63,SUFFICIENT STOCK,True
2025-11-17,SKU02831,295,0,7,200,92,SUFFICIENT STOCK,False
2025-12-20,SKU02832,521,0,7,246,79,SUFFICIENT STOCK,False
2025-12-18,SKU02833,143,0,7,1018,373,REORDER REQUIRED,True
2025-11-21,SKU02834,100,0,7,36,11,SUFFICIENT STOCK,False
2025-11-11,SKU02835,169,0,7,175,66,REORDER REQUIRED,True
2025-12-28,SKU02836,369,0,7,230,83,SUFFICIENT STOCK,False
2025-12-09,SKU02837,91,0,7,140,49,REORDER REQUIRED,True
2025-12-30,SKU02838,604,0,7,245,87,SUFFICIENT STOCK,False
2025-11-23,SKU02839,53,0,7,37,16,SUFFICIENT STOCK,False
2025-12-27,SKU02840,296,0,7,483,151,REORDER REQUIRED,True
2025-12-18,SKU02841,419,0,7,192,52,SUFFICIENT STOCK,False
2025-11-23,SKU02842,6460,0,7,1521,538,SUFFICIENT STOCK,False
2025-11-22,SKU02843,44,0,7,37,17,SUFFICIENT STOCK,True
2025-12-18,SKU02844,108,0,7,81,29,SUFFICIENT STOCK,True
2025-12-22,SKU02845,260,0,7,182,65,SUFFICIENT STOCK,False
2025-12-01,SKU02846,265,0,7,92,43,SUFFICIENT STOCK,False
2025-11-04,SKU02847,64,0,7,50,12,SUFFICIENT STOCK,False
2025-12-23,SKU02848,398,0,7,145,52,SUFFICIENT STOCK,False
2025-11-01,SKU02849,168,0,7,91,25,SUFFICIENT STOCK,False
2025-12-15,SKU02850,46,0,7,71,22,REORDER REQUIRED,True
2025-12-18,SKU02851,253,0,7,93,25,SUFFICIENT STOCK,False
2025-12-12,SKU02853,36,0,7,69,24,REORDER REQUIRED,True
2025-12-19,SKU02855,246,0,7,197,62,SUFFICIENT STOCK,True
2025-12-30,SKU02856,553,0,7,319,119,SUFFICIENT STOCK,False
2025-12-01,SKU02857,419,0,7,244,91,SUFFICIENT STOCK,False
2025-12-28,SKU02858,211,0,7,869,293,REORDER REQUIRED,True
2025-12-23,SKU02859,168,0,7,84,29,SUFFICIENT STOCK,False
2025-12-10,SKU02860,405,0,7,173,60,SUFFICIENT STOCK,False
2025-12-25,SKU02861,388,0,7,161,52,SUFFICIENT STOCK,False
2025-12-28,SKU02863,200,0,7,217,76,REORDER REQUIRED,True
2025-12-14,SKU02864,22,0,7,35,17,REORDER REQUIRED,True
2025-11-25,SKU02865,52,0,7,31,15,SUFFICIENT STOCK,False
2025-12-21,SKU02866,45,0,7,47,19,REORDER REQUIRED,True
2025-12-24,SKU02867,301,0,7,146,49,SUFFICIENT STOCK,False
2025-12-08,SKU02868,141,0,7,96,42,SUFFICIENT STOCK,False
2025-11-26,SKU02869,50,0,7,79,28,REORDER REQUIRED,True
2025-11-06,SKU02870,1,0,7,45,18,REORDER REQUIRED,True
2025-09-02,SKU02871,8264,0,7,1872,670,SUFFICIENT STOCK,False
2025-12-16,SKU02872,121,0,7,146,40,REORDER REQUIRED,True
2025-11-25,SKU02873,21,0,7,78,18,REORDER REQUIRED,True
2025-12-03,SKU02874,102,0,7,159,61,REORDER REQUIRED,True
2025-11-15,SKU02875,68,0,7,28,7,SUFFICIENT STOCK,False
2025-12-21,SKU02876,317,0,7,139,52,SUFFICIENT STOCK,False
2025-12-26,SKU02877,354,0,7,257,85,SUFFICIENT STOCK,False
2025-12-03,SKU02878,306,0,7,128,45,SUFFICIENT STOCK,False
2025-12-28,SKU02879,142,0,7,57,13,SUFFICIENT STOCK,False
2025-12-20,SKU02880,79,0,7,185,66,REORDER REQUIRED,True
2025-12-30,SKU02881,183,0,7,63,29,SUFFICIENT STOCK,False
2025-12-18,SKU02882,378,0,7,235,83,SUFFICIENT STOCK,False
2025-11-12,SKU02883,185,0,7,144,37,SUFFICIENT STOCK,False
2025-12-28,SKU02884,270,0,7,316,136,REORDER REQUIRED,True
2025-12-28,SKU02885,117,0,7,50,18,SUFFICIENT STOCK,False
2025-11-09,SKU02886,66,0,7,87,30,REORDER REQUIRED,True
2025-12-27,SKU02887,67,0,7,97,44,REORDER REQUIRED,True
2025-12-31,SKU02888,529,0,7,301,115,SUFFICIENT STOCK,False
2025-12-22,SKU02889,64,0,7,55,14,SUFFICIENT STOCK,True
2025-12-29,SKU02890,376,0,7,170,62,SUFFICIENT STOCK,False
2025-11-17,SKU02891,145,0,7,52,24,SUFFICIENT STOCK,False
2025-10-06,SKU02892,0,0,7,1010,367,OUT OF STOCK,True
2025-12-21,SKU02893,77,0,7,121,34,REORDER REQUIRED,True
2025-12-10,SKU02894,187,0,7,98,39,SUFFICIENT STOCK,False
2025-11-11,SKU02895,7,0,7,93,46,REORDER REQUIRED,True
2025-12-30,SKU02896,174,0,7,149,50,SUFFICIENT STOCK,True
2025-12-05,SKU02898,51,0,7,878,333,REORDER REQUIRED,True
2025-11-03,SKU02900,93,0,7,33,9,SUFFICIENT STOCK,False
2025-12-16,SKU02901,139,0,7,101,44,SUFFICIENT STOCK,True
2025-11-08,SKU02902,227,0,7,85,18,SUFFICIENT STOCK,False
2025-12-15,SKU02904,59,0,7,31,9,SUFFICIENT STOCK,False
2025-12-25,SKU02905,282,0,7,227,91,SUFFICIENT STOCK,True
2025-12-09,SKU02906,357,0,7,165,45,SUFFICIENT STOCK,False
2025-08-29,SKU02907,5528,0,7,1320,467,SUFFICIENT STOCK,False
2025-11-09,SKU02908,85,0,7,139,49,REORDER REQUIRED,True
2025-12-30,SKU02909,154,0,7,127,49,SUFFICIENT STOCK,True
2025-12-16,SKU02910,198,0,7,104,42,SUFFICIENT STOCK,False
2025-12-11,SKU02911,352,0,7,237,88,SUFFICIENT STOCK,False
2025-12-08,SKU02912,225,0,7,149,44,SUFFICIENT STOCK,False
2025-11-21,SKU02913,6,0,7,60,22,REORDER REQUIRED,True
2025-09-02,SKU02915,5779,0,7,1396,424,SUFFICIENT STOCK,False
2025-12-10,SKU02916,163,0,7,132,58,SUFFICIENT STOCK,True
2025-12-17,SKU02917,125,0,7,164,52,REORDER REQUIRED,True
2025-12-30,SKU02918,541,0,7,297,91,SUFFICIENT STOCK,False
2025-12-06,SKU02919,186,0,7,78,20,SUFFICIENT STOCK,False
2025-12-14,SKU02920,143,0,7,90,24,SUFFICIENT STOCK,False
2025-12-16,SKU02921,229,0,7,215,85,SUFFICIENT STOCK,True
2025-12-31,SKU02922,112,0,7,154,62,REORDER REQUIRED,True
2025-12-30,SKU02923,146,0,7,914,318,REORDER REQUIRED,True
2025-12-26,SKU02924,274,0,7,261,98,SUFFICIENT STOCK,True
2025-12-02,SKU02925,343,0,7,128,48,SUFFICIENT STOCK,False
2025-12-23,SKU02926,87,0,7,112,42,REORDER REQUIRED,True
2025-12-22,SKU02927,735,0,7,396,149,SUFFICIENT STOCK,False
2025-12-19,SKU02929,463,0,7,251,86,SUFFICIENT STOCK,False
2025-10-04,SKU02930,0,0,7,522,202,OUT OF STOCK,True
2025-12-02,SKU02931,249,0,7,194,57,SUFFICIENT STOCK,True
2025-12-18,SKU02932,185,0,7,90,31,SUFFICIENT STOCK,False
2025-11-15,SKU02933,17,0,7,43,12,REORDER REQUIRED,True
2025-12-14,SKU02934,170,0,7,91,28,SUFFICIENT STOCK,False
2025-12-05,SKU02935,316,0,7,151,48,SUFFICIENT STOCK,False
2025-12-15,SKU02936,191,0,7,95,31,SUFFICIENT STOCK,False
2025-11-29,SKU02937,465,0,7,226,73,SUFFICIENT STOCK,False
2025-08-24,SKU02938,8249,0,7,1819,676,SUFFICIENT STOCK,False
2025-11-07,SKU02939,18,0,7,21,6,REORDER REQUIRED,True
2025-12-24,SKU02940,283,0,7,146,52,SUFFICIENT STOCK,False
2025-12-24,SKU02941,55,0,7,22,7,SUFFICIENT STOCK,False
2025-12-16,SKU02942,375,0,7,225,83,SUFFICIENT STOCK,False
2025-12-13,SKU02943,231,0,7,226,83,SUFFICIENT STOCK,True
2025-12-10,SKU02944,343,0,7,173,43,SUFFICIENT STOCK,False
2025-12-10,SKU02945,141,0,7,54,17,SUFFICIENT STOCK,False
2025-08-31,SKU02946,4371,0,7,930,355,SUFFICIENT STOCK,False
2025-12-04,SKU02947,21,0,7,27,9,REORDER REQUIRED,True
2025-12-10,SKU02948,108,0,7,122,58,REORDER REQUIRED,True
2025-12-07,SKU02949,238,0,7,176,66,SUFFICIENT STOCK,True
2025-10-10,SKU02950,0,0,7,851,248,OUT OF STOCK,True
2025-12-06,SKU02951,98,0,7,74,32,SUFFICIENT STOCK,True
2025-12-22,SKU02953,354,0,7,231,101,SUFFICIENT STOCK,False
2025-11-30,SKU02954,10,0,7,752,256,REORDER REQUIRED,True
2025-12-22,SKU02955,100,0,7,77,19,SUFFICIENT STOCK,False
2025-12-23,SKU02956,324,0,7,156,59,SUFFICIENT STOCK,False
2025-11-13,SKU02957,311,0,7,241,78,SUFFICIENT STOCK,True
2025-11-27,SKU02959,65,0,7,100,26,REORDER REQUIRED,True
2025-12-29,SKU02960,100,0,7,44,19,SUFFICIENT STOCK,False
2025-12-08,SKU02961,234,0,7,137,57,SUFFICIENT STOCK,False
2025-12-14,SKU02962,251,0,7,98,29,SUFFICIENT STOCK,False
2025-12-29,SKU02963,165,0,7,243,74,REORDER REQUIRED,True
2025-12-31,SKU02964,5389,0,7,1299,466,SUFFICIENT STOCK,False
2025-12-14,SKU02965,283,0,7,153,51,SUFFICIENT STOCK,False
2025-12-28,SKU02966,74,0,7,39,9,SUFFICIENT STOCK,False
2025-12-10,SKU02967,421,0,7,230,71,SUFFICIENT STOCK,False
2025-12-10,SKU02968,90,0,7,86,22,SUFFICIENT STOCK,True
2025-12-11,SKU02969,310,0,7,165,72,SUFFICIENT STOCK,False
2025-12-24,SKU02970,354,0,7,246,70,SUFFICIENT STOCK,False
2025-12-19,SKU02971,351,0,7,237,73,SUFFICIENT STOCK,False
2025-11-10,SKU02972,177,0,7,98,48,SUFFICIENT STOCK,False
2025-11-06,SKU02973,30,0,7,37,7,REORDER REQUIRED,True
2025-12-17,SKU02974,233,0,7,111,28,SUFFICIENT STOCK,False
2025-12-20,SKU02976,129,0,7,86,37,SUFFICIENT STOCK,False
2025-11-20,SKU02977,237,0,7,146,59,SUFFICIENT STOCK,False
2025-11-06,SKU02978,35,0,7,31,10,SUFFICIENT STOCK,True
2025-12-17,SKU02980,234,0,7,82,31,SUFFICIENT STOCK,False
2025-12-19,SKU02981,250,0,7,163,53,SUFFICIENT STOCK,False
2025-11-05,SKU02982,103,0,7,119,54,REORDER REQUIRED,True
2025-12-20,SKU02983,146,0,7,882,271,REORDER REQUIRED,True
2025-12-21,SKU02984,54,0,7,61,25,REORDER REQUIRED,True
2025-12-03,SKU02986,267,0,7,168,72,SUFFICIENT STOCK,False
2025-12-06,SKU02987,346,0,7,187,57,SUFFICIENT STOCK,False
2025-12-17,SKU02988,688,0,7,388,143,SUFFICIENT STOCK,False
2025-12-14,SKU02989,162,0,7,125,45,SUFFICIENT STOCK,True
2025-11-23,SKU02990,93,0,7,160,48,REORDER REQUIRED,True
2025-12-21,SKU02991,230,0,7,99,35,SUFFICIENT STOCK,False
2025-12-17,SKU02992,37,0,7,20,7,SUFFICIENT STOCK,False
2025-11-18,SKU02994,80,0,7,74,18,SUFFICIENT STOCK,True
2025-11-08,SKU02995,159,0,7,60,19,SUFFICIENT STOCK,False
2025-12-15,SKU02996,112,0,7,112,50,REORDER REQUIRED,True
2025-11-07,SKU02997,6620,0,7,1434,509,SUFFICIENT STOCK,False
2025-12-17,SKU02999,5152,0,7,1225,431,SUFFICIENT STOCK,False
2025-11-09,SKU03000,45,0,7,26,12,SUFFICIENT STOCK,False
2025-11-11,SKU03001,102,0,7,77,22,SUFFICIENT STOCK,False
2025-12-23,SKU03002,193,0,7,158,40,SUFFICIENT STOCK,True
2025-12-10,SKU03003,321,0,7,152,44,SUFFICIENT STOCK,False
2025-12-29,SKU03004,279,0,7,249,104,SUFFICIENT STOCK,True
2025-12-12,SKU03005,7094,0,7,1558,546,SUFFICIENT STOCK,False
2025-12-31,SKU03006,173,0,7,64,20,SUFFICIENT STOCK,False
2025-12-18,SKU03007,226,0,7,100,40,SUFFICIENT STOCK,False
2025-12-31,SKU03009,405,0,7,278,94,SUFFICIENT STOCK,False
2025-11-07,SKU03010,294,0,7,129,37,SUFFICIENT STOCK,False
2025-12-30,SKU03011,198,0,7,80,28,SUFFICIENT STOCK,False
2025-12-29,SKU03012,10,0,7,93,38,REORDER REQUIRED,True
2025-12-10,SKU03013,215,0,7,139,56,SUFFICIENT STOCK,False
2025-09-01,SKU03014,5426,0,7,1271,425,SUFFICIENT STOCK,False
2025-12-30,SKU03015,395,0,7,213,79,SUFFICIENT STOCK,False
2025-12-24,SKU03016,5,0,7,45,18,REORDER REQUIRED,True
2025-12-30,SKU03017,194,0,7,194,85,REORDER REQUIRED,True
2025-12-14,SKU03018,93,0,7,75,20,SUFFICIENT STOCK,True
2025-12-17,SKU03020,497,0,7,237,94,SUFFICIENT STOCK,False
2025-12-13,SKU03021,252,0,7,146,41,SUFFICIENT STOCK,False
2025-12-15,SKU03022,532,0,7,307,102,SUFFICIENT STOCK,False
2025-11-26,SKU03023,178,0,7,96,29,SUFFICIENT STOCK,False
2025-12-11,SKU03024,132,0,7,48,13,SUFFICIENT STOCK,False
2025-12-24,SKU03025,192,0,7,166,64,SUFFICIENT STOCK,True
2025-12-08,SKU03026,200,0,7,147,47,SUFFICIENT STOCK,False
2025-12-31,SKU03027,226,0,7,202,90,SUFFICIENT STOCK,True
2025-11-23,SKU03028,56,0,7,77,29,REORDER REQUIRED,True
2025-12-07,SKU03029,670,0,7,361,125,SUFFICIENT STOCK,False
2025-11-12,SKU03030,56,0,7,934,310,REORDER REQUIRED,True
2025-08-30,SKU03031,8024,0,7,1771,648,SUFFICIENT STOCK,False
2025-11-30,SKU03032,309,0,7,167,48,SUFFICIENT STOCK,False
2025-12-25,SKU03033,165,0,7,87,39,SUFFICIENT STOCK,False
2025-11-27,SKU03035,104,0,7,36,11,SUFFICIENT STOCK,False
2025-09-02,SKU03036,6860,0,7,1517,508,SUFFICIENT STOCK,False
2025-11-24,SKU03037,158,0,7,72,18,SUFFICIENT STOCK,False
2025-12-29,SKU03038,135,0,7,78,21,SUFFICIENT STOCK,False
2025-11-23,SKU03040,413,0,7,156,44,SUFFICIENT STOCK,False
2025-11-04,SKU03041,168,0,7,61,28,SUFFICIENT STOCK,False
2025-11-26,SKU03042,194,0,7,99,44,SUFFICIENT STOCK,False
2025-11-30,SKU03043,5107,0,7,1235,420,SUFFICIENT STOCK,False
2025-12-16,SKU03045,31,0,7,100,50,REORDER REQUIRED,True
2025-12-13,SKU03046,160,0,7,115,44,SUFFICIENT STOCK,False
2025-11-08,SKU03048,106,0,7,102,29,SUFFICIENT STOCK,True
2025-12-01,SKU03049,148,0,7,100,42,SUFFICIENT STOCK,False
2025-11-22,SKU03050,48,0,7,65,20,REORDER REQUIRED,True
2025-12-13,SKU03051,313,0,7,159,54,SUFFICIENT STOCK,False
2025-11-25,SKU03052,555,0,7,269,83,SUFFICIENT STOCK,False
2025-12-02,SKU03053,31,0,7,694,238,REORDER REQUIRED,True
2025-12-31,SKU03054,585,0,7,509,163,SUFFICIENT STOCK,True
2025-12-04,SKU03055,118,0,7,82,30,SUFFICIENT STOCK,False
2025-12-11,SKU03056,188,0,7,154,45,SUFFICIENT STOCK,True
2025-12-19,SKU03057,253,0,7,1149,365,REORDER REQUIRED,True
2025-08-25,SKU03058,8412,0,7,1863,654,SUFFICIENT STOCK,False
2025-12-10,SKU03059,70,0,7,60,22,SUFFICIENT STOCK,True
2025-12-11,SKU03060,157,0,7,127,60,SUFFICIENT STOCK,True
2025-12-25,SKU03061,98,0,7,136,33,REORDER REQUIRED,True
2025-11-30,SKU03062,545,0,7,312,91,SUFFICIENT STOCK,False
2025-11-19,SKU03063,4,0,7,555,179,REORDER REQUIRED,True
2025-12-24,SKU03065,166,0,7,183,70,REORDER REQUIRED,True
2025-12-31,SKU03066,507,0,7,229,76,SUFFICIENT STOCK,False
2025-11-22,SKU03067,129,0,7,80,27,SUFFICIENT STOCK,False
2025-12-12,SKU03068,284,0,7,152,51,SUFFICIENT STOCK,False
2025-12-01,SKU03069,402,0,7,197,63,SUFFICIENT STOCK,False
2025-11-23,SKU03070,205,0,7,99,25,SUFFICIENT STOCK,False
2025-11-14,SKU03071,1,0,7,62,19,REORDER REQUIRED,True
2025-11-28,SKU03072,56,0,7,49,15,SUFFICIENT STOCK,True
2025-08-29,SKU03073,6327,0,7,1363,535,SUFFICIENT STOCK,False
2025-12-16,SKU03075,132,0,7,79,27,SUFFICIENT STOCK,False
2025-12-21,SKU03076,48,0,7,87,22,REORDER REQUIRED,True
2025-11-17,SKU03077,56,0,7,47,17,SUFFICIENT STOCK,True
2025-11-27,SKU03078,275,0,7,216,82,SUFFICIENT STOCK,True
2025-11-29,SKU03080,315,0,7,173,63,SUFFICIENT STOCK,False
2025-12-26,SKU03081,179,0,7,193,77,REORDER REQUIRED,True
2025-11-18,SKU03082,210,0,7,83,32,SUFFICIENT STOCK,False
2025-12-20,SKU03083,448,0,7,225,85,SUFFICIENT STOCK,False
2025-12-15,SKU03084,352,0,7,144,38,SUFFICIENT STOCK,False
2025-12-04,SKU03085,42,0,7,75,25,REORDER REQUIRED,True
2025-12-15,SKU03086,197,0,7,151,52,SUFFICIENT STOCK,True
2025-11-15,SKU03087,236,0,7,128,54,SUFFICIENT STOCK,False
2025-12-29,SKU03088,114,0,7,986,407,REORDER REQUIRED,True
2025-09-01,SKU03089,7782,0,7,1745,589,SUFFICIENT STOCK,False
2025-09-02,SKU03090,7415,0,7,1695,630,SUFFICIENT STOCK,False
2025-12-03,SKU03091,194,0,7,146,49,SUFFICIENT STOCK,True
2025-11-29,SKU03092,78,0,7,34,14,SUFFICIENT STOCK,False
2025-12-27,SKU03093,307,0,7,128,45,SUFFICIENT STOCK,False
2025-11-17,SKU03094,12,0,7,53,22,REORDER REQUIRED,True
2025-12-09,SKU03095,174,0,7,140,60,SUFFICIENT STOCK,True
2025-12-24,SKU03096,292,0,7,231,93,SUFFICIENT STOCK,True
2025-12-28,SKU03097,393,0,7,410,154,REORDER REQUIRED,True
2025-12-20,SKU03098,3,0,7,67,14,REORDER REQUIRED,True
2025-12-14,SKU03099,187,0,7,168,55,SUFFICIENT STOCK,True
2025-11-27,SKU03100,420,0,7,238,74,SUFFICIENT STOCK,False
2025-12-17,SKU03101,296,0,7,287,113,SUFFICIENT STOCK,True
2025-12-12,SKU03102,74,0,7,50,20,SUFFICIENT STOCK,False
2025-12-14,SKU03103,223,0,7,77,24,SUFFICIENT STOCK,False
2025-11-25,SKU03104,172,0,7,61,27,SUFFICIENT STOCK,False
2025-09-01,SKU03105,7376,0,7,1621,529,SUFFICIENT STOCK,False
2025-12-26,SKU03106,261,0,7,208,77,SUFFICIENT STOCK,True
2025-12-23,SKU03107,207,0,7,139,32,SUFFICIENT STOCK,False
2025-12-01,SKU03108,4577,0,7,982,334,SUFFICIENT STOCK,False
2025-11-26,SKU03109,70,0,7,115,35,REORDER REQUIRED,True
2025-12-28,SKU03110,0,0,7,20,5,OUT OF STOCK,True
2025-12-10,SKU03111,576,0,7,326,140,SUFFICIENT STOCK,False
2025-12-24,SKU03112,859,0,7,397,131,SUFFICIENT STOCK,False
2025-12-16,SKU03113,75,0,7,38,19,SUFFICIENT STOCK,False
2025-11-18,SKU03114,50,0,7,45,15,SUFFICIENT STOCK,True
2025-09-02,SKU03115,9759,0,7,2073,745,SUFFICIENT STOCK,False
2025-12-03,SKU03116,12,0,7,84,41,REORDER REQUIRED,True
2025-12-27,SKU03117,99,0,7,163,52,REORDER REQUIRED,True
2025-12-10,SKU03118,171,0,7,77,35,SUFFICIENT STOCK,False
2025-11-04,SKU03119,366,0,7,134,47,SUFFICIENT STOCK,False
2025-12-26,SKU03120,7,0,7,37,17,REORDER REQUIRED,True
2025-12-26,SKU03121,259,0,7,88,42,SUFFICIENT STOCK,False
2025-11-22,SKU03122,106,0,7,161,39,REORDER REQUIRED,True
2025-11-08,SKU03123,247,0,7,96,42,SUFFICIENT STOCK,False
2025-12-20,SKU03124,227,0,7,220,56,SUFFICIENT STOCK,True
2025-12-05,SKU03125,331,0,7,223,76,SUFFICIENT STOCK,False
2025-12-31,SKU03126,18,0,7,75,25,REORDER REQUIRED,True
2025-11-08,SKU03127,41,0,7,50,15,REORDER REQUIRED,True
2025-12-28,SKU03128,69,0,7,89,21,REORDER REQUIRED,True
2025-12-24,SKU03129,504,0,7,182,73,SUFFICIENT STOCK,False
2025-11-30,SKU03130,387,0,7,181,62,SUFFICIENT STOCK,False
2025-11-05,SKU03131,69,0,7,77,31,REORDER REQUIRED,True
2025-12-06,SKU03132,237,0,7,172,65,SUFFICIENT STOCK,False
2025-12-12,SKU03133,199,0,7,164,44,SUFFICIENT STOCK,True
2025-12-25,SKU03134,170,0,7,125,44,SUFFICIENT STOCK,False
2025-12-28,SKU03135,151,0,7,93,34,SUFFICIENT STOCK,False
2025-12-21,SKU03136,166,0,7,153,64,SUFFICIENT STOCK,True
2025-12-20,SKU03137,309,0,7,228,77,SUFFICIENT STOCK,False
2025-11-30,SKU03138,203,0,7,83,23,SUFFICIENT STOCK,False
2025-08-15,SKU03139,7277,0,7,1566,580,SUFFICIENT STOCK,False
2025-12-10,SKU03140,229,0,7,177,72,SUFFICIENT STOCK,True
2025-12-16,SKU03143,190,0,7,134,45,SUFFICIENT STOCK,False
2025-11-17,SKU03144,267,0,7,118,44,SUFFICIENT STOCK,False
2025-12-21,SKU03146,343,0,7,157,67,SUFFICIENT STOCK,False
2025-12-25,SKU03147,303,0,7,154,44,SUFFICIENT STOCK,False
2025-11-23,SKU03148,47,0,7,52,16,REORDER REQUIRED,True
2025-12-10,SKU03149,133,0,7,112,38,SUFFICIENT STOCK,True
2025-08-28,SKU03150,7072,0,7,1556,527,SUFFICIENT STOCK,False
2025-12-13,SKU03152,5165,0,7,1376,501,SUFFICIENT STOCK,False
2025-12-01,SKU03153,4,0,7,20,8,REORDER REQUIRED,True
2025-12-18,SKU03154,170,0,7,207,78,REORDER REQUIRED,True
2025-11-12,SKU03155,130,0,7,56,15,SUFFICIENT STOCK,False
2025-12-17,SKU03156,608,0,7,312,131,SUFFICIENT STOCK,False
2025-12-12,SKU03159,136,0,7,122,41,SUFFICIENT STOCK,True
2025-11-10,SKU03160,41,0,7,65,21,REORDER REQUIRED,True
2025-12-04,SKU03161,145,0,7,181,48,REORDER REQUIRED,True
2025-12-28,SKU03162,216,0,7,100,40,SUFFICIENT STOCK,False
2025-12-31,SKU03163,83,0,7,102,32,REORDER REQUIRED,True
2025-11-27,SKU03164,345,0,7,211,84,SUFFICIENT STOCK,False
2025-12-28,SKU03165,179,0,7,66,20,SUFFICIENT STOCK,False
2025-12-07,SKU03166,234,0,7,102,39,SUFFICIENT STOCK,False
2025-11-22,SKU03167,159,0,7,60,17,SUFFICIENT STOCK,False
2025-12-27,SKU03168,616,0,7,285,109,SUFFICIENT STOCK,False
2025-11-09,SKU03169,27,0,7,39,15,REORDER REQUIRED,True
2025-12-10,SKU03170,71,0,7,91,45,REORDER REQUIRED,True
2025-11-09,SKU03171,70,0,7,1111,415,REORDER REQUIRED,True
2025-12-26,SKU03172,600,0,7,283,94,SUFFICIENT STOCK,False
2025-09-01,SKU03173,5479,0,7,1195,405,SUFFICIENT STOCK,False
2025-11-14,SKU03174,117,0,7,57,23,SUFFICIENT STOCK,False
2025-12-09,SKU03175,25,0,7,66,30,REORDER REQUIRED,True
2025-08-27,SKU03177,5510,0,7,1279,468,SUFFICIENT STOCK,False
2025-12-12,SKU03178,169,0,7,62,15,SUFFICIENT STOCK,False
2025-08-28,SKU03179,5814,0,7,1353,521,SUFFICIENT STOCK,False
2025-12-30,SKU03180,256,0,7,134,47,SUFFICIENT STOCK,False
2025-11-12,SKU03181,7,0,7,65,17,REORDER REQUIRED,True
2025-12-03,SKU03182,354,0,7,175,63,SUFFICIENT STOCK,False
2025-11-13,SKU03183,47,0,7,65,32,REORDER REQUIRED,True
2025-12-21,SKU03184,335,0,7,233,81,SUFFICIENT STOCK,False
2025-12-23,SKU03185,254,0,7,137,44,SUFFICIENT STOCK,False
2025-12-27,SKU03186,228,0,7,194,82,SUFFICIENT STOCK,True
2025-12-16,SKU03187,279,0,7,94,31,SUFFICIENT STOCK,False
2025-11-13,SKU03188,254,0,7,95,28,SUFFICIENT STOCK,False
2025-11-14,SKU03189,88,0,7,44,16,SUFFICIENT STOCK,False
2025-12-18,SKU03190,423,0,7,292,90,SUFFICIENT STOCK,False
2025-08-26,SKU03192,5974,0,7,1336,469,SUFFICIENT STOCK,False
2025-12-11,SKU03193,281,0,7,197,71,SUFFICIENT STOCK,False
2025-12-19,SKU03194,217,0,7,101,31,SUFFICIENT STOCK,False
2025-12-09,SKU03196,76,0,7,31,14,SUFFICIENT STOCK,False
2025-12-21,SKU03197,274,0,7,216,79,SUFFICIENT STOCK,True
2025-11-21,SKU03198,27,0,7,61,18,REORDER REQUIRED,True
2025-10-12,SKU03199,0,0,7,1207,398,OUT OF STOCK,True
2025-12-21,SKU03200,325,0,7,160,53,SUFFICIENT STOCK,False
2025-12-17,SKU03201,94,0,7,116,32,REORDER REQUIRED,True
2025-12-31,SKU03202,325,0,7,193,71,SUFFICIENT STOCK,False
2025-12-18,SKU03203,162,0,7,143,43,SUFFICIENT STOCK,True
2025-11-28,SKU03204,183,0,7,201,90,REORDER REQUIRED,True
2025-11-20,SKU03205,44,0,7,129,37,REORDER REQUIRED,True
2025-12-29,SKU03206,242,0,7,266,101,REORDER REQUIRED,True
2025-12-07,SKU03207,125,0,7,120,34,SUFFICIENT STOCK,True
2025-12-20,SKU03208,600,0,7,253,85,SUFFICIENT STOCK,False
2025-12-23,SKU03209,190,0,7,76,28,SUFFICIENT STOCK,False
2025-09-01,SKU03210,5438,0,7,1187,475,SUFFICIENT STOCK,False
2025-12-24,SKU03211,154,0,7,105,28,SUFFICIENT STOCK,False
2025-11-02,SKU03212,146,0,7,72,30,SUFFICIENT STOCK,False
2025-12-04,SKU03213,179,0,7,201,79,REORDER REQUIRED,True
2025-12-26,SKU03214,313,0,7,196,64,SUFFICIENT STOCK,False
2025-12-20,SKU03215,300,0,7,155,60,SUFFICIENT STOCK,False
2025-11-04,SKU03216,122,0,7,72,28,SUFFICIENT STOCK,False
2025-12-30,SKU03218,129,0,7,154,58,REORDER REQUIRED,True
2025-11-27,SKU03219,11,0,7,24,9,REORDER REQUIRED,True
2025-08-31,SKU03220,5440,0,7,1308,431,SUFFICIENT STOCK,False
2025-11-28,SKU03221,99,0,7,48,18,SUFFICIENT STOCK,False
2025-12-31,SKU03222,522,0,7,350,141,SUFFICIENT STOCK,False
2025-12-19,SKU03223,323,0,7,230,92,SUFFICIENT STOCK,False
2025-12-24,SKU03224,14,0,7,25,7,REORDER REQUIRED,True
2025-11-24,SKU03227,253,0,7,290,105,REORDER REQUIRED,True
2025-12-25,SKU03228,270,0,7,122,44,SUFFICIENT STOCK,False
2025-12-27,SKU03229,231,0,7,190,62,SUFFICIENT STOCK,True
2025-12-23,SKU03231,219,0,7,141,39,SUFFICIENT STOCK,False
2025-12-07,SKU03232,41,0,7,69,23,REORDER REQUIRED,True
2025-12-17,SKU03233,304,0,7,299,98,SUFFICIENT STOCK,True
2025-11-29,SKU03234,364,0,7,227,77,SUFFICIENT STOCK,False
2025-08-26,SKU03235,7099,0,7,1629,527,SUFFICIENT STOCK,False
2025-12-27,SKU03236,130,0,7,216,83,REORDER REQUIRED,True
2025-11-29,SKU03237,202,0,7,258,83,REORDER REQUIRED,True
2025-12-29,SKU03238,159,0,7,129,42,SUFFICIENT STOCK,True
2025-11-20,SKU03239,147,0,7,220,65,REORDER REQUIRED,True
2025-11-28,SKU03240,351,0,7,213,73,SUFFICIENT STOCK,False
2025-12-22,SKU03241,281,0,7,227,73,SUFFICIENT STOCK,True
2025-12-24,SKU03242,271,0,7,108,46,SUFFICIENT STOCK,False
2025-12-03,SKU03243,10,0,7,64,24,REORDER REQUIRED,True
2025-11-13,SKU03244,2,0,7,43,9,REORDER REQUIRED,True
2025-12-19,SKU03245,68,0,7,66,13,SUFFICIENT STOCK,True
2025-11-07,SKU03246,64,0,7,38,14,SUFFICIENT STOCK,False
2025-11-24,SKU03247,125,0,7,119,46,SUFFICIENT STOCK,True
2025-12-24,SKU03248,493,0,7,266,88,SUFFICIENT STOCK,False
2025-12-15,SKU03249,117,0,7,128,50,REORDER REQUIRED,True
2025-11-17,SKU03250,194,0,7,168,46,SUFFICIENT STOCK,True
2025-11-22,SKU03251,4674,0,7,1086,350,SUFFICIENT STOCK,False
2025-12-12,SKU03252,139,0,7,53,19,SUFFICIENT STOCK,False
2025-08-28,SKU03254,7464,0,7,1654,599,SUFFICIENT STOCK,False
2025-12-10,SKU03255,436,0,7,196,77,SUFFICIENT STOCK,False
2025-12-22,SKU03256,114,0,7,41,16,SUFFICIENT STOCK,False
2025-08-30,SKU03257,8338,0,7,1752,666,SUFFICIENT STOCK,False
2025-12-16,SKU03258,8,0,7,45,11,REORDER REQUIRED,True
2025-12-31,SKU03259,103,0,7,914,286,REORDER REQUIRED,True
2025-12-18,SKU03260,52,0,7,33,16,SUFFICIENT STOCK,False
2025-12-23,SKU03261,143,0,7,187,68,REORDER REQUIRED,True
2025-12-31,SKU03262,160,0,7,192,52,REORDER REQUIRED,True
2025-11-25,SKU03263,156,0,7,145,49,SUFFICIENT STOCK,True
2025-12-12,SKU03264,234,0,7,92,37,SUFFICIENT STOCK,False
2025-12-17,SKU03265,70,0,7,115,38,REORDER REQUIRED,True
2025-08-31,SKU03266,7895,0,7,1685,666,SUFFICIENT STOCK,False
2025-12-10,SKU03267,328,0,7,178,82,SUFFICIENT STOCK,False
2025-11-23,SKU03268,145,0,7,77,27,SUFFICIENT STOCK,False
2025-12-12,SKU03269,68,0,7,86,22,REORDER REQUIRED,True
2025-12-15,SKU03270,42,0,7,130,32,REORDER REQUIRED,True
2025-12-25,SKU03271,407,0,7,249,107,SUFFICIENT STOCK,False
2025-12-25,SKU03273,284,0,7,108,27,SUFFICIENT STOCK,False
2025-12-22,SKU03274,164,0,7,1015,359,REORDER REQUIRED,True
2025-11-25,SKU03275,188,0,7,158,54,SUFFICIENT STOCK,True
2025-12-28,SKU03276,230,0,7,110,43,SUFFICIENT STOCK,False
2025-12-20,SKU03277,4910,0,7,1123,393,SUFFICIENT STOCK,False
2025-12-06,SKU03278,17,0,7,24,10,REORDER REQUIRED,True
2025-12-22,SKU03279,244,0,7,166,57,SUFFICIENT STOCK,False
2025-12-13,SKU03281,423,0,7,286,88,SUFFICIENT STOCK,False
2025-11-21,SKU03282,45,0,7,27,13,SUFFICIENT STOCK,False
2025-12-10,SKU03283,269,0,7,165,45,SUFFICIENT STOCK,False
2025-08-26,SKU03284,3557,0,7,839,327,SUFFICIENT STOCK,False
2025-11-11,SKU03285,188,0,7,81,22,SUFFICIENT STOCK,False
2025-12-10,SKU03286,3833,0,7,938,311,SUFFICIENT STOCK,False
2025-12-23,SKU03287,295,0,7,138,38,SUFFICIENT STOCK,False
2025-11-27,SKU03288,91,0,7,56,14,SUFFICIENT STOCK,False
2025-12-18,SKU03290,196,0,7,185,75,SUFFICIENT STOCK,True
2025-08-30,SKU03291,3880,0,7,852,315,SUFFICIENT STOCK,False
2025-12-09,SKU03292,369,0,7,887,345,REORDER REQUIRED,True
2025-12-25,SKU03294,347,0,7,169,69,SUFFICIENT STOCK,False
2025-09-02,SKU03295,4460,0,7,993,352,SUFFICIENT STOCK,False
2025-11-17,SKU03297,385,0,7,176,74,SUFFICIENT STOCK,False
2025-12-16,SKU03298,447,0,7,196,63,SUFFICIENT STOCK,False
2025-11-16,SKU03299,189,0,7,109,47,SUFFICIENT STOCK,False
2025-12-17,SKU03300,251,0,7,138,56,SUFFICIENT STOCK,False
2025-12-21,SKU03301,230,0,7,146,54,SUFFICIENT STOCK,False
2025-12-31,SKU03302,640,0,7,395,158,SUFFICIENT STOCK,False
2025-11-08,SKU03303,259,0,7,95,45,SUFFICIENT STOCK,False
2025-12-03,SKU03304,169,0,7,116,49,SUFFICIENT STOCK,False
2025-12-27,SKU03305,137,0,7,103,29,SUFFICIENT STOCK,False
2025-12-22,SKU03306,293,0,7,152,56,SUFFICIENT STOCK,False
2025-12-10,SKU03307,85,0,7,121,43,REORDER REQUIRED,True
2025-12-21,SKU03308,174,0,7,150,55,SUFFICIENT STOCK,True
2025-12-23,SKU03309,99,0,7,119,52,REORDER REQUIRED,True
2025-11-15,SKU03310,234,0,7,80,32,SUFFICIENT STOCK,False
2025-08-27,SKU03311,6242,0,7,1439,532,SUFFICIENT STOCK,False
2025-12-13,SKU03312,337,0,7,194,70,SUFFICIENT STOCK,False
2025-12-27,SKU03313,526,0,7,348,105,SUFFICIENT STOCK,False
2025-12-23,SKU03314,748,0,7,346,121,SUFFICIENT STOCK,False
2025-12-14,SKU03315,175,0,7,65,26,SUFFICIENT STOCK,False
2025-11-03,SKU03316,1,0,7,34,15,REORDER REQUIRED,True
2025-11-10,SKU03317,187,0,7,100,41,SUFFICIENT STOCK,False
2025-12-26,SKU03318,345,0,7,167,66,SUFFICIENT STOCK,False
2025-11-12,SKU03319,62,0,7,33,12,SUFFICIENT STOCK,False
2025-08-31,SKU03320,5726,0,7,1258,432,SUFFICIENT STOCK,False
2025-12-10,SKU03321,201,0,7,163,57,SUFFICIENT STOCK,True
2025-12-15,SKU03322,199,0,7,124,43,SUFFICIENT STOCK,False
2025-11-20,SKU03323,151,0,7,1033,304,REORDER REQUIRED,True
2025-12-20,SKU03324,96,0,7,139,43,REORDER REQUIRED,True
2025-12-20,SKU03325,191,0,7,109,49,SUFFICIENT STOCK,False
2025-11-11,SKU03326,15,0,7,46,18,REORDER REQUIRED,True
2025-12-06,SKU03327,354,0,7,154,53,SUFFICIENT STOCK,False
2025-12-30,SKU03328,279,0,7,144,56,SUFFICIENT STOCK,False
2025-12-06,SKU03329,263,0,7,190,75,SUFFICIENT STOCK,True
2025-11-08,SKU03330,93,0,7,51,25,SUFFICIENT STOCK,False
2025-12-26,SKU03332,423,0,7,226,80,SUFFICIENT STOCK,False
2025-12-09,SKU03333,27,0,7,48,17,REORDER REQUIRED,True
2025-12-23,SKU03334,274,0,7,221,82,SUFFICIENT STOCK,True
2025-12-18,SKU03335,193,0,7,156,45,SUFFICIENT STOCK,True
2025-12-21,SKU03337,357,0,7,134,42,SUFFICIENT STOCK,False
2025-12-15,SKU03338,289,0,7,276,107,SUFFICIENT STOCK,True
2025-12-28,SKU03339,157,0,7,71,28,SUFFICIENT STOCK,False
2025-12-05,SKU03340,14,0,7,27,12,REORDER REQUIRED,True
2025-12-19,SKU03341,187,0,7,100,28,SUFFICIENT STOCK,False
2025-12-23,SKU03342,299,0,7,121,39,SUFFICIENT STOCK,False
2025-12-02,SKU03343,136,0,7,68,26,SUFFICIENT STOCK,False
2025-12-29,SKU03346,231,0,7,96,48,SUFFICIENT STOCK,False
2025-12-04,SKU03347,5452,0,7,1308,484,SUFFICIENT STOCK,False
2025-12-10,SKU03348,214,0,7,232,93,REORDER REQUIRED,True
2025-09-02,SKU03349,6948,0,7,1539,583,SUFFICIENT STOCK,False
2025-11-26,SKU03350,30,0,7,22,11,SUFFICIENT STOCK,True
2025-12-05,SKU03351,12,0,7,24,10,REORDER REQUIRED,True
2025-11-20,SKU03352,90,0,7,39,16,SUFFICIENT STOCK,False
2025-11-13,SKU03353,1,0,7,1077,405,REORDER REQUIRED,True
2025-12-22,SKU03356,132,0,7,147,45,REORDER REQUIRED,True
2025-11-18,SKU03357,94,0,7,60,17,SUFFICIENT STOCK,False
2025-12-07,SKU03358,79,0,7,66,22,SUFFICIENT STOCK,True
2025-12-26,SKU03359,170,0,7,112,41,SUFFICIENT STOCK,False
2025-12-19,SKU03360,91,0,7,38,11,SUFFICIENT STOCK,False
2025-11-19,SKU03361,31,0,7,45,18,REORDER REQUIRED,True
2025-12-21,SKU03362,157,0,7,139,43,SUFFICIENT STOCK,True
2025-12-31,SKU03363,343,0,7,253,90,SUFFICIENT STOCK,False
2025-12-09,SKU03365,255,0,7,106,33,SUFFICIENT STOCK,False
2025-11-30,SKU03367,189,0,7,98,36,SUFFICIENT STOCK,False
2025-12-24,SKU03368,212,0,7,78,22,SUFFICIENT STOCK,False
2025-12-19,SKU03369,126,0,7,122,39,SUFFICIENT STOCK,True
2025-12-13,SKU03370,316,0,7,145,49,SUFFICIENT STOCK,False
2025-12-24,SKU03371,27,0,7,38,15,REORDER REQUIRED,True
2025-12-06,SKU03372,110,0,7,41,11,SUFFICIENT STOCK,False
2025-12-03,SKU03373,133,0,7,151,50,REORDER REQUIRED,True
2025-11-24,SKU03374,63,0,7,85,41,REORDER REQUIRED,True
2025-11-27,SKU03375,7074,0,7,1634,627,SUFFICIENT STOCK,False
2025-09-02,SKU03376,5352,0,7,1185,399,SUFFICIENT STOCK,False
2025-12-15,SKU03377,52,0,7,40,12,SUFFICIENT STOCK,False
2025-12-19,SKU03378,91,0,7,138,53,REORDER REQUIRED,True
2025-12-31,SKU03379,264,0,7,164,67,SUFFICIENT STOCK,False
2025-12-19,SKU03380,178,0,7,66,30,SUFFICIENT STOCK,False
2025-11-15,SKU03381,101,0,7,39,18,SUFFICIENT STOCK,False
2025-12-15,SKU03383,427,0,7,228,55,SUFFICIENT STOCK,False
2025-12-19,SKU03384,255,0,7,231,89,SUFFICIENT STOCK,True
2025-12-21,SKU03385,430,0,7,231,64,SUFFICIENT STOCK,False
2025-11-05,SKU03386,55,0,7,96,31,REORDER REQUIRED,True
2025-11-24,SKU03387,72,0,7,85,30,REORDER REQUIRED,True
2025-12-28,SKU03388,231,0,7,221,81,SUFFICIENT STOCK,True
2025-12-26,SKU03389,63,0,7,50,18,SUFFICIENT STOCK,True
2025-11-19,SKU03390,139,0,7,56,24,SUFFICIENT STOCK,False
2025-12-30,SKU03391,437,0,7,193,58,SUFFICIENT STOCK,False
2025-12-08,SKU03392,74,0,7,33,15,SUFFICIENT STOCK,False
2025-12-06,SKU03393,11,0,7,69,15,REORDER REQUIRED,True
2025-12-15,SKU03394,536,0,7,296,109,SUFFICIENT STOCK,False
2025-12-21,SKU03395,256,0,7,123,47,SUFFICIENT STOCK,False
2025-12-01,SKU03396,112,0,7,50,14,SUFFICIENT STOCK,False
2025-12-28,SKU03397,136,0,7,95,27,SUFFICIENT STOCK,False
2025-11-26,SKU03398,61,0,7,23,9,SUFFICIENT STOCK,False
2025-12-30,SKU03400,357,0,7,245,76,SUFFICIENT STOCK,False
2025-12-16,SKU03401,192,0,7,193,71,REORDER REQUIRED,True
2025-12-26,SKU03402,261,0,7,191,67,SUFFICIENT STOCK,False
2025-12-19,SKU03403,245,0,7,117,48,SUFFICIENT STOCK,False
2025-11-27,SKU03404,256,0,7,153,67,SUFFICIENT STOCK,False
2025-12-21,SKU03405,154,0,7,94,27,SUFFICIENT STOCK,False
2025-12-09,SKU03406,302,0,7,200,55,SUFFICIENT STOCK,False
2025-12-07,SKU03407,131,0,7,57,24,SUFFICIENT STOCK,False
2025-12-31,SKU03408,235,0,7,259,77,REORDER REQUIRED,True
2025-12-29,SKU03409,85,0,7,53,19,SUFFICIENT STOCK,False
2025-11-15,SKU03410,176,0,7,61,25,SUFFICIENT STOCK,False
2025-11-05,SKU03411,82,0,7,66,20,SUFFICIENT STOCK,True
2025-12-28,SKU03412,513,0,7,247,75,SUFFICIENT STOCK,False
2025-12-21,SKU03413,161,0,7,88,31,SUFFICIENT STOCK,False
2025-08-30,SKU03414,6622,0,7,1473,503,SUFFICIENT STOCK,False
2025-12-19,SKU03415,181,0,7,98,39,SUFFICIENT STOCK,False
2025-08-18,SKU03416,5080,0,7,1223,403,SUFFICIENT STOCK,False
2025-11-26,SKU03417,334,0,7,176,67,SUFFICIENT STOCK,False
2025-11-30,SKU03418,137,0,7,72,25,SUFFICIENT STOCK,False
2025-12-27,SKU03419,143,0,7,165,53,REORDER REQUIRED,True
2025-12-17,SKU03420,215,0,7,115,37,SUFFICIENT STOCK,False
2025-12-17,SKU03421,261,0,7,148,59,SUFFICIENT STOCK,False
2025-12-22,SKU03422,190,0,7,118,30,SUFFICIENT STOCK,False
2025-12-20,SKU03423,187,0,7,84,30,SUFFICIENT STOCK,False
2025-12-27,SKU03424,292,0,7,162,74,SUFFICIENT STOCK,False
2025-12-25,SKU03425,97,0,7,685,241,REORDER REQUIRED,True
2025-12-05,SKU03426,8,0,7,28,12,REORDER REQUIRED,True
2025-12-29,SKU03428,6614,0,7,1514,520,SUFFICIENT STOCK,False
2025-11-11,SKU03429,14,0,7,65,15,REORDER REQUIRED,True
2025-12-28,SKU03430,203,0,7,139,44,SUFFICIENT STOCK,False
2025-12-17,SKU03432,519,0,7,360,124,SUFFICIENT STOCK,False
2025-12-30,SKU03433,111,0,7,259,107,REORDER REQUIRED,True
2025-12-02,SKU03434,266,0,7,156,38,SUFFICIENT STOCK,False
2025-12-16,SKU03435,207,0,7,160,47,SUFFICIENT STOCK,False
2025-08-31,SKU03436,7774,0,7,1688,560,SUFFICIENT STOCK,False
2025-12-18,SKU03437,498,0,7,197,56,SUFFICIENT STOCK,False
2025-12-26,SKU03438,126,0,7,156,42,REORDER REQUIRED,True
2025-12-24,SKU03439,186,0,7,154,46,SUFFICIENT STOCK,True
2025-12-09,SKU03440,86,0,7,58,21,SUFFICIENT STOCK,False
2025-11-18,SKU03441,7065,0,7,1709,637,SUFFICIENT STOCK,False
2025-11-21,SKU03442,102,0,7,40,10,SUFFICIENT STOCK,False
2025-12-11,SKU03443,41,0,7,54,18,REORDER REQUIRED,True
2025-11-19,SKU03444,343,0,7,143,43,SUFFICIENT STOCK,False
2025-11-04,SKU03445,126,0,7,46,15,SUFFICIENT STOCK,False
2025-12-30,SKU03446,244,0,7,93,31,SUFFICIENT STOCK,False
2025-12-21,SKU03447,313,0,7,193,72,SUFFICIENT STOCK,False
2025-12-06,SKU03448,156,0,7,169,70,REORDER REQUIRED,True
2025-12-20,SKU03449,225,0,7,93,23,SUFFICIENT STOCK,False
2025-12-19,SKU03450,70,0,7,27,12,SUFFICIENT STOCK,False
2025-11-22,SKU03451,15,0,7,33,10,REORDER REQUIRED,True
2025-12-23,SKU03452,353,0,7,215,70,SUFFICIENT STOCK,False
2025-12-22,SKU03453,171,0,7,75,29,SUFFICIENT STOCK,False
2025-08-28,SKU03454,7548,0,7,1610,561,SUFFICIENT STOCK,False
2025-12-06,SKU03455,49,0,7,23,6,SUFFICIENT STOCK,False
2025-12-25,SKU03456,486,0,7,295,99,SUFFICIENT STOCK,False
2025-12-04,SKU03457,5156,0,7,1130,434,SUFFICIENT STOCK,False
2025-12-28,SKU03458,185,0,7,99,35,SUFFICIENT STOCK,False
2025-12-29,SKU03459,2,0,7,72,34,REORDER REQUIRED,True
2025-12-05,SKU03460,134,0,7,70,18,SUFFICIENT STOCK,False
2025-12-03,SKU03461,192,0,7,185,64,SUFFICIENT STOCK,True
2025-12-30,SKU03462,317,0,7,201,61,SUFFICIENT STOCK,False
2025-12-29,SKU03463,119,0,7,96,40,SUFFICIENT STOCK,True
2025-11-14,SKU03464,103,0,7,121,30,REORDER REQUIRED,True
2025-12-25,SKU03465,240,0,7,169,59,SUFFICIENT STOCK,False
2025-12-13,SKU03466,396,0,7,247,80,SUFFICIENT STOCK,False
2025-11-19,SKU03467,40,0,7,66,22,REORDER REQUIRED,True
2025-11-28,SKU03468,79,0,7,130,54,REORDER REQUIRED,True
2025-12-24,SKU03469,247,0,7,151,47,SUFFICIENT STOCK,False
2025-12-10,SKU03470,62,0,7,80,29,REORDER REQUIRED,True
2025-12-21,SKU03471,224,0,7,148,63,SUFFICIENT STOCK,False
2025-12-28,SKU03472,241,0,7,136,51,SUFFICIENT STOCK,False
2025-11-23,SKU03474,182,0,7,95,27,SUFFICIENT STOCK,False
2025-12-24,SKU03475,391,0,7,143,49,SUFFICIENT STOCK,False
2025-12-28,SKU03476,6,0,7,1060,376,REORDER REQUIRED,True
2025-12-28,SKU03477,29,0,7,54,18,REORDER REQUIRED,True
2025-12-05,SKU03478,412,0,7,158,43,SUFFICIENT STOCK,False
2025-11-01,SKU03479,80,0,7,77,24,SUFFICIENT STOCK,True
2025-12-14,SKU03480,238,0,7,146,57,SUFFICIENT STOCK,False
2025-11-17,SKU03481,36,0,7,73,27,REORDER REQUIRED,True
2025-11-19,SKU03483,125,0,7,77,30,SUFFICIENT STOCK,False
2025-09-02,SKU03484,7719,0,7,1637,562,SUFFICIENT STOCK,False
2025-12-28,SKU03485,265,0,7,220,64,SUFFICIENT STOCK,True
2025-12-14,SKU03486,92,0,7,84,20,SUFFICIENT STOCK,True
2025-12-17,SKU03487,317,0,7,158,51,SUFFICIENT STOCK,False
2025-12-27,SKU03488,421,0,7,184,65,SUFFICIENT STOCK,False
2025-12-06,SKU03489,30,0,7,120,45,REORDER REQUIRED,True
2025-11-26,SKU03490,110,0,7,48,13,SUFFICIENT STOCK,False
2025-12-11,SKU03491,5071,0,7,1214,450,SUFFICIENT STOCK,False
2025-08-25,SKU03492,7719,0,7,1667,628,SUFFICIENT STOCK,False
2025-11-06,SKU03493,6441,0,7,1529,603,SUFFICIENT STOCK,False
2025-12-25,SKU03494,513,0,7,246,90,SUFFICIENT STOCK,False
2025-12-29,SKU03495,467,0,7,288,120,SUFFICIENT STOCK,False
2025-12-14,SKU03496,246,0,7,143,46,SUFFICIENT STOCK,False
2025-11-21,SKU03498,597,0,7,307,116,SUFFICIENT STOCK,False
2025-12-24,SKU03500,366,0,7,180,75,SUFFICIENT STOCK,False
2025-12-21,SKU03501,131,0,7,57,22,SUFFICIENT STOCK,False
2025-11-30,SKU03502,101,0,7,76,21,SUFFICIENT STOCK,False
2025-12-11,SKU03503,450,0,7,206,83,SUFFICIENT STOCK,False
2025-08-30,SKU03504,7523,0,7,1581,516,SUFFICIENT STOCK,False
2025-12-20,SKU03505,280,0,7,114,47,SUFFICIENT STOCK,False
2025-12-06,SKU03506,194,0,7,149,58,SUFFICIENT STOCK,True
2025-11-17,SKU03507,89,0,7,58,21,SUFFICIENT STOCK,False
2025-12-02,SKU03508,107,0,7,97,45,SUFFICIENT STOCK,True
2025-11-27,SKU03511,7,0,7,78,38,REORDER REQUIRED,True
2025-12-18,SKU03512,131,0,7,77,37,SUFFICIENT STOCK,False
2025-11-09,SKU03513,249,0,7,110,30,SUFFICIENT STOCK,False
2025-12-09,SKU03514,213,0,7,125,51,SUFFICIENT STOCK,False
2025-12-07,SKU03515,586,0,7,287,85,SUFFICIENT STOCK,False
2025-12-24,SKU03516,248,0,7,191,85,SUFFICIENT STOCK,True
2025-12-13,SKU03517,168,0,7,141,59,SUFFICIENT STOCK,True
2025-12-17,SKU03518,659,0,7,251,93,SUFFICIENT STOCK,False
2025-12-27,SKU03519,490,0,7,226,61,SUFFICIENT STOCK,False
2025-11-20,SKU03520,6580,0,7,1527,526,SUFFICIENT STOCK,False
2025-12-12,SKU03521,474,0,7,163,59,SUFFICIENT STOCK,False
2025-12-12,SKU03522,44,0,7,38,14,SUFFICIENT STOCK,True
2025-09-02,SKU03523,6707,0,7,1453,445,SUFFICIENT STOCK,False
2025-12-23,SKU03525,395,0,7,239,69,SUFFICIENT STOCK,False
2025-11-27,SKU03526,48,0,7,23,11,SUFFICIENT STOCK,False
2025-12-22,SKU03527,8,0,7,23,11,REORDER REQUIRED,True
2025-11-27,SKU03528,185,0,7,79,22,SUFFICIENT STOCK,False
2025-11-17,SKU03529,24,0,7,29,10,REORDER REQUIRED,True
2025-11-06,SKU03530,204,0,7,71,18,SUFFICIENT STOCK,False
2025-12-27,SKU03531,375,0,7,234,81,SUFFICIENT STOCK,False
2025-12-05,SKU03532,190,0,7,99,23,SUFFICIENT STOCK,False
2025-12-27,SKU03533,149,0,7,178,60,REORDER REQUIRED,True
2025-12-07,SKU03534,321,0,7,265,87,SUFFICIENT STOCK,True
2025-11-20,SKU03535,267,0,7,761,264,REORDER REQUIRED,True
2025-12-07,SKU03536,52,0,7,84,34,REORDER REQUIRED,True
2025-12-08,SKU03537,181,0,7,118,50,SUFFICIENT STOCK,False
2025-12-24,SKU03538,208,0,7,91,24,SUFFICIENT STOCK,False
2025-12-14,SKU03539,270,0,7,134,39,SUFFICIENT STOCK,False
2025-12-22,SKU03540,261,0,7,122,40,SUFFICIENT STOCK,False
2025-12-22,SKU03541,265,0,7,159,77,SUFFICIENT STOCK,False
2025-12-26,SKU03542,390,0,7,271,104,SUFFICIENT STOCK,False
2025-12-19,SKU03543,31,0,7,66,33,REORDER REQUIRED,True
2025-11-25,SKU03544,489,0,7,170,47,SUFFICIENT STOCK,False
2025-11-10,SKU03545,137,0,7,84,25,SUFFICIENT STOCK,False
2025-10-07,SKU03546,0,0,7,828,299,OUT OF STOCK,True
2025-12-14,SKU03547,210,0,7,119,27,SUFFICIENT STOCK,False
2025-12-04,SKU03548,160,0,7,107,51,SUFFICIENT STOCK,False
2025-12-27,SKU03549,479,0,7,313,121,SUFFICIENT STOCK,False
2025-11-27,SKU03550,162,0,7,128,43,SUFFICIENT STOCK,True
2025-12-27,SKU03551,421,0,7,198,69,SUFFICIENT STOCK,False
2025-12-24,SKU03552,154,0,7,78,29,SUFFICIENT STOCK,False
2025-12-31,SKU03553,91,0,7,58,28,SUFFICIENT STOCK,False
2025-12-14,SKU03556,194,0,7,101,47,SUFFICIENT STOCK,False
2025-12-18,SKU03557,72,0,7,27,8,SUFFICIENT STOCK,False
2025-12-06,SKU03558,22,0,7,29,14,REORDER REQUIRED,True
2025-12-11,SKU03559,21,0,7,29,14,REORDER REQUIRED,True
2025-12-08,SKU03560,248,0,7,143,44,SUFFICIENT STOCK,False
2025-11-24,SKU03561,190,0,7,217,78,REORDER REQUIRED,True
2025-08-31,SKU03562,6516,0,7,1531,596,SUFFICIENT STOCK,False
2025-12-24,SKU03563,178,0,7,162,48,SUFFICIENT STOCK,True
2025-11-14,SKU03564,122,0,7,150,60,REORDER REQUIRED,True
2025-12-16,SKU03566,209,0,7,241,68,REORDER REQUIRED,True
2025-12-30,SKU03567,260,0,7,105,34,SUFFICIENT STOCK,False
2025-12-23,SKU03568,658,0,7,340,105,SUFFICIENT STOCK,False
2025-12-23,SKU03569,47,0,7,23,5,SUFFICIENT STOCK,False
2025-12-26,SKU03570,376,0,7,192,85,SUFFICIENT STOCK,False
2025-12-13,SKU03571,50,0,7,20,5,SUFFICIENT STOCK,False
2025-12-06,SKU03572,73,0,7,55,20,SUFFICIENT STOCK,True
2025-12-03,SKU03573,108,0,7,37,8,SUFFICIENT STOCK,False
2025-08-21,SKU03574,6128,0,7,1277,474,SUFFICIENT STOCK,False
2025-12-23,SKU03575,791,0,7,467,151,SUFFICIENT STOCK,False
2025-12-11,SKU03576,14,0,7,21,5,REORDER REQUIRED,True
2025-12-28,SKU03577,79,0,7,199,50,REORDER REQUIRED,True
2025-10-01,SKU03578,0,0,7,880,290,OUT OF STOCK,True
2025-12-28,SKU03579,590,0,7,339,135,SUFFICIENT STOCK,False
2025-09-01,SKU03580,3329,0,7,773,249,SUFFICIENT STOCK,False
2025-12-04,SKU03581,62,0,7,48,22,SUFFICIENT STOCK,True
2025-08-31,SKU03582,3820,0,7,870,302,SUFFICIENT STOCK,False
2025-08-31,SKU03583,4131,0,7,962,354,SUFFICIENT STOCK,False
2025-12-10,SKU03584,115,0,7,61,26,SUFFICIENT STOCK,False
2025-12-14,SKU03585,112,0,7,125,53,REORDER REQUIRED,True
2025-12-11,SKU03587,305,0,7,216,85,SUFFICIENT STOCK,False
2025-12-21,SKU03588,150,0,7,153,58,REORDER REQUIRED,True
2025-11-01,SKU03589,41,0,7,75,28,REORDER REQUIRED,True
2025-12-17,SKU03590,70,0,7,51,18,SUFFICIENT STOCK,False
2025-11-18,SKU03591,343,0,7,192,72,SUFFICIENT STOCK,False
2025-09-02,SKU03592,5884,0,7,1242,449,SUFFICIENT STOCK,False
2025-12-22,SKU03593,119,0,7,46,15,SUFFICIENT STOCK,False
2025-11-14,SKU03594,84,0,7,71,21,SUFFICIENT STOCK,True
2025-12-10,SKU03595,134,0,7,77,34,SUFFICIENT STOCK,False
2025-11-15,SKU03596,125,0,7,122,39,SUFFICIENT STOCK,True
2025-12-30,SKU03597,378,0,7,204,73,SUFFICIENT STOCK,False
2025-11-27,SKU03598,485,0,7,283,100,SUFFICIENT STOCK,False
2025-11-04,SKU03599,32,0,7,37,8,REORDER REQUIRED,True
2025-12-09,SKU03600,143,0,7,113,33,SUFFICIENT STOCK,True
2025-12-22,SKU03601,638,0,7,353,142,SUFFICIENT STOCK,False
2025-09-02,SKU03602,5575,0,7,1279,501,SUFFICIENT STOCK,False
2025-09-01,SKU03603,8218,0,7,1835,581,SUFFICIENT STOCK,False
2025-11-20,SKU03604,89,0,7,105,36,REORDER REQUIRED,True
2025-12-29,SKU03605,460,0,7,383,122,SUFFICIENT STOCK,True
2025-12-27,SKU03606,345,0,7,220,57,SUFFICIENT STOCK,False
2025-12-23,SKU03607,284,0,7,303,120,REORDER REQUIRED,True
2025-12-15,SKU03608,217,0,7,140,59,SUFFICIENT STOCK,False
2025-08-31,SKU03609,9022,0,7,2008,651,SUFFICIENT STOCK,False
2025-11-05,SKU03610,88,0,7,64,16,SUFFICIENT STOCK,False
2025-12-01,SKU03611,47,0,7,46,14,SUFFICIENT STOCK,True
2025-12-16,SKU03612,18,0,7,49,23,REORDER REQUIRED,True
2025-12-30,SKU03613,420,0,7,205,87,SUFFICIENT STOCK,False
2025-11-28,SKU03614,295,0,7,219,75,SUFFICIENT STOCK,False
2025-12-25,SKU03615,194,0,7,169,50,SUFFICIENT STOCK,True
2025-12-08,SKU03616,223,0,7,160,59,SUFFICIENT STOCK,False
2025-12-23,SKU03617,607,0,7,298,106,SUFFICIENT STOCK,False
2025-12-22,SKU03618,154,0,7,144,59,SUFFICIENT STOCK,True
2025-11-28,SKU03619,132,0,7,108,37,SUFFICIENT STOCK,True
2025-12-14,SKU03620,89,0,7,78,31,SUFFICIENT STOCK,True
2025-08-31,SKU03621,3989,0,7,883,321,SUFFICIENT STOCK,False
2025-12-12,SKU03622,349,0,7,752,274,REORDER REQUIRED,True
2025-12-30,SKU03623,257,0,7,105,49,SUFFICIENT STOCK,False
2025-12-09,SKU03624,6052,0,7,1550,530,SUFFICIENT STOCK,False
2025-12-13,SKU03625,228,0,7,106,39,SUFFICIENT STOCK,False
2025-09-02,SKU03627,6880,0,7,1460,520,SUFFICIENT STOCK,False
2025-12-27,SKU03628,349,0,7,157,65,SUFFICIENT STOCK,False
2025-12-12,SKU03629,530,0,7,258,80,SUFFICIENT STOCK,False
2025-12-07,SKU03631,47,0,7,76,36,REORDER REQUIRED,True
2025-11-08,SKU03632,72,0,7,77,18,REORDER REQUIRED,True
2025-10-04,SKU03633,0,0,7,825,285,OUT OF STOCK,True
2025-08-19,SKU03634,5500,0,7,1283,463,SUFFICIENT STOCK,False
2025-12-19,SKU03635,89,0,7,139,49,REORDER REQUIRED,True
2025-11-26,SKU03636,29,0,7,23,6,SUFFICIENT STOCK,False
2025-11-19,SKU03637,188,0,7,133,52,SUFFICIENT STOCK,False
2025-12-14,SKU03638,246,0,7,120,51,SUFFICIENT STOCK,False
2025-11-21,SKU03639,197,0,7,89,39,SUFFICIENT STOCK,False
2025-12-01,SKU03641,106,0,7,170,57,REORDER REQUIRED,True
2025-12-07,SKU03642,40,0,7,32,10,SUFFICIENT STOCK,True
2025-12-20,SKU03643,491,0,7,225,88,SUFFICIENT STOCK,False
2025-11-22,SKU03645,151,0,7,76,25,SUFFICIENT STOCK,False
2025-12-28,SKU03646,85,0,7,87,34,REORDER REQUIRED,True
2025-12-27,SKU03647,110,0,7,124,45,REORDER REQUIRED,True
2025-12-21,SKU03648,268,0,7,218,85,SUFFICIENT STOCK,True
2025-12-25,SKU03649,241,0,7,85,39,SUFFICIENT STOCK,False
2025-12-20,SKU03650,546,0,7,355,137,SUFFICIENT STOCK,False
2025-11-09,SKU03651,112,0,7,55,13,SUFFICIENT STOCK,False
2025-12-22,SKU03652,376,0,7,256,91,SUFFICIENT STOCK,False
2025-11-11,SKU03653,56,0,7,22,10,SUFFICIENT STOCK,False
2025-12-19,SKU03654,245,0,7,125,41,SUFFICIENT STOCK,False
2025-12-23,SKU03655,180,0,7,112,43,SUFFICIENT STOCK,False
2025-12-21,SKU03656,117,0,7,113,55,SUFFICIENT STOCK,True
2025-12-28,SKU03657,62,0,7,88,21,REORDER REQUIRED,True
2025-12-14,SKU03658,120,0,7,122,33,REORDER REQUIRED,True
2025-12-20,SKU03659,279,0,7,119,43,SUFFICIENT STOCK,False
2025-11-13,SKU03660,51,0,7,23,5,SUFFICIENT STOCK,False
2025-12-12,SKU03661,251,0,7,129,63,SUFFICIENT STOCK,False
2025-12-23,SKU03662,520,0,7,209,65,SUFFICIENT STOCK,False
2025-12-13,SKU03663,204,0,7,207,73,REORDER REQUIRED,True
2025-12-01,SKU03664,36,0,7,24,10,SUFFICIENT STOCK,False
2025-12-20,SKU03665,488,0,7,284,95,SUFFICIENT STOCK,False
2025-11-26,SKU03666,174,0,7,86,37,SUFFICIENT STOCK,False
2025-12-25,SKU03667,186,0,7,152,46,SUFFICIENT STOCK,True
2025-12-22,SKU03669,88,0,7,98,32,REORDER REQUIRED,True
2025-12-22,SKU03670,239,0,7,125,31,SUFFICIENT STOCK,False
2025-12-22,SKU03671,614,0,7,262,84,SUFFICIENT STOCK,False
2025-12-11,SKU03672,208,0,7,74,19,SUFFICIENT STOCK,False
2025-12-31,SKU03674,167,0,7,178,65,REORDER REQUIRED,True
2025-12-29,SKU03675,67,0,7,62,19,SUFFICIENT STOCK,True
2025-12-29,SKU03676,571,0,7,236,80,SUFFICIENT STOCK,False
2025-12-26,SKU03677,317,0,7,244,85,SUFFICIENT STOCK,True
2025-12-24,SKU03678,403,0,7,260,86,SUFFICIENT STOCK,False
2025-12-05,SKU03679,75,0,7,105,33,REORDER REQUIRED,True
2025-11-14,SKU03681,22,0,7,42,17,REORDER REQUIRED,True
2025-12-28,SKU03682,63,0,7,154,51,REORDER REQUIRED,True
2025-11-20,SKU03683,180,0,7,88,19,SUFFICIENT STOCK,False
2025-12-31,SKU03684,188,0,7,74,22,SUFFICIENT STOCK,False
2025-12-12,SKU03685,456,0,7,182,59,SUFFICIENT STOCK,False
2025-12-25,SKU03686,1045,0,7,608,243,SUFFICIENT STOCK,False
2025-12-12,SKU03687,369,0,7,263,77,SUFFICIENT STOCK,False
2025-12-09,SKU03688,412,0,7,219,72,SUFFICIENT STOCK,False
2025-12-11,SKU03689,185,0,7,200,54,REORDER REQUIRED,True
2025-11-18,SKU03690,129,0,7,117,39,SUFFICIENT STOCK,True
2025-11-30,SKU03691,159,0,7,90,22,SUFFICIENT STOCK,False
2025-11-10,SKU03692,135,0,7,59,22,SUFFICIENT STOCK,False
2025-11-07,SKU03693,173,0,7,1289,405,REORDER REQUIRED,True
2025-12-11,SKU03694,217,0,7,102,45,SUFFICIENT STOCK,False
2025-11-01,SKU03695,71,0,7,28,13,SUFFICIENT STOCK,False
2025-12-20,SKU03696,235,0,7,100,27,SUFFICIENT STOCK,False
2025-11-03,SKU03697,59,0,7,29,8,SUFFICIENT STOCK,False
2025-11-18,SKU03698,273,0,7,115,31,SUFFICIENT STOCK,False
2025-12-22,SKU03699,317,0,7,282,80,SUFFICIENT STOCK,True
2025-12-08,SKU03700,390,0,7,163,39,SUFFICIENT STOCK,False
2025-11-25,SKU03701,130,0,7,93,40,SUFFICIENT STOCK,True
2025-12-24,SKU03702,255,0,7,752,252,REORDER REQUIRED,True
2025-11-28,SKU03703,133,0,7,46,10,SUFFICIENT STOCK,False
2025-12-29,SKU03705,303,0,7,124,32,SUFFICIENT STOCK,False
2025-12-31,SKU03706,210,0,7,99,22,SUFFICIENT STOCK,False
2025-12-17,SKU03707,143,0,7,100,32,SUFFICIENT STOCK,False
2025-08-30,SKU03709,5470,0,7,1286,462,SUFFICIENT STOCK,False
2025-12-20,SKU03710,182,0,7,186,69,REORDER REQUIRED,True
2025-12-30,SKU03711,331,0,7,257,98,SUFFICIENT STOCK,True
2025-11-17,SKU03712,25,0,7,27,10,REORDER REQUIRED,True
2025-11-23,SKU03713,181,0,7,226,91,REORDER REQUIRED,True
2025-12-27,SKU03714,406,0,7,279,83,SUFFICIENT STOCK,False
2025-12-20,SKU03715,354,0,7,267,104,SUFFICIENT STOCK,True
2025-12-30,SKU03716,112,0,7,94,19,SUFFICIENT STOCK,True
2025-11-12,SKU03717,181,0,7,150,50,SUFFICIENT STOCK,True
2025-11-21,SKU03718,130,0,7,76,31,SUFFICIENT STOCK,False
2025-11-25,SKU03719,275,0,7,316,125,REORDER REQUIRED,True
2025-11-04,SKU03720,274,0,7,143,49,SUFFICIENT STOCK,False
2025-11-15,SKU03721,382,0,7,143,48,SUFFICIENT STOCK,False
2025-11-23,SKU03723,337,0,7,264,101,SUFFICIENT STOCK,True
2025-11-30,SKU03724,224,0,7,94,39,SUFFICIENT STOCK,False
2025-12-18,SKU03725,281,0,7,138,57,SUFFICIENT STOCK,False
2025-12-15,SKU03726,244,0,7,146,54,SUFFICIENT STOCK,False
2025-11-24,SKU03727,102,0,7,1038,373,REORDER REQUIRED,True
2025-12-18,SKU03728,62,0,7,53,21,SUFFICIENT STOCK,True
2025-11-20,SKU03729,5,0,7,61,20,REORDER REQUIRED,True
2025-12-29,SKU03730,583,0,7,265,90,SUFFICIENT STOCK,False
2025-12-29,SKU03731,207,0,7,148,61,SUFFICIENT STOCK,True
2025-12-30,SKU03732,1121,0,7,507,168,SUFFICIENT STOCK,False
2025-12-28,SKU03733,106,0,7,122,49,REORDER REQUIRED,True
2025-12-26,SKU03734,297,0,7,136,43,SUFFICIENT STOCK,False
2025-12-26,SKU03735,268,0,7,116,41,SUFFICIENT STOCK,False
2025-12-25,SKU03736,146,0,7,169,71,REORDER REQUIRED,True
2025-09-01,SKU03737,6508,0,7,1462,507,SUFFICIENT STOCK,False
2025-11-27,SKU03738,180,0,7,108,39,SUFFICIENT STOCK,False
2025-12-13,SKU03739,300,0,7,192,69,SUFFICIENT STOCK,False
2025-12-16,SKU03740,4008,0,7,1037,327,SUFFICIENT STOCK,False
2025-12-28,SKU03741,52,0,7,166,67,REORDER REQUIRED,True
2025-10-06,SKU03743,0,0,7,1163,372,OUT OF STOCK,True
2025-12-05,SKU03744,4373,0,7,1003,363,SUFFICIENT STOCK,False
2025-12-21,SKU03746,260,0,7,173,56,SUFFICIENT STOCK,False
2025-12-16,SKU03747,180,0,7,103,33,SUFFICIENT STOCK,False
2025-12-21,SKU03748,56,0,7,74,25,REORDER REQUIRED,True
2025-12-11,SKU03749,6483,0,7,1462,461,SUFFICIENT STOCK,False
2025-12-23,SKU03750,64,0,7,227,78,REORDER REQUIRED,True
2025-12-22,SKU03752,249,0,7,178,48,SUFFICIENT STOCK,False
2025-12-03,SKU03753,175,0,7,62,25,SUFFICIENT STOCK,False
2025-12-20,SKU03754,121,0,7,131,36,REORDER REQUIRED,True
2025-12-26,SKU03755,335,0,7,136,58,SUFFICIENT STOCK,False
2025-11-15,SKU03756,36,0,7,24,10,SUFFICIENT STOCK,False
2025-12-09,SKU03757,154,0,7,123,43,SUFFICIENT STOCK,True
2025-11-30,SKU03758,46,0,7,99,21,REORDER REQUIRED,True
2025-12-16,SKU03759,392,0,7,255,88,SUFFICIENT STOCK,False
2025-11-05,SKU03760,243,0,7,98,29,SUFFICIENT STOCK,False
2025-12-20,SKU03761,220,0,7,116,44,SUFFICIENT STOCK,False
2025-12-25,SKU03762,419,0,7,278,110,SUFFICIENT STOCK,False
2025-12-21,SKU03763,318,0,7,212,86,SUFFICIENT STOCK,False
2025-11-16,SKU03764,123,0,7,58,25,SUFFICIENT STOCK,False
2025-12-03,SKU03765,37,0,7,28,8,SUFFICIENT STOCK,False
2025-11-27,SKU03766,236,0,7,123,45,SUFFICIENT STOCK,False
2025-12-31,SKU03767,316,0,7,180,48,SUFFICIENT STOCK,False
2025-12-27,SKU03768,89,0,7,49,18,SUFFICIENT STOCK,False
2025-12-21,SKU03769,11,0,7,48,18,REORDER REQUIRED,True
2025-12-11,SKU03770,111,0,7,186,69,REORDER REQUIRED,True
2025-11-27,SKU03771,51,0,7,42,17,SUFFICIENT STOCK,True
2025-12-22,SKU03772,336,0,7,126,41,SUFFICIENT STOCK,False
2025-09-02,SKU03773,7788,0,7,1791,653,SUFFICIENT STOCK,False
2025-12-14,SKU03774,266,0,7,217,65,SUFFICIENT STOCK,True
2025-12-28,SKU03775,240,0,7,245,87,REORDER REQUIRED,True
2025-12-15,SKU03777,395,0,7,284,99,SUFFICIENT STOCK,False
2025-12-13,SKU03778,23,0,7,25,10,REORDER REQUIRED,True
2025-11-24,SKU03779,148,0,7,100,45,SUFFICIENT STOCK,False
2025-12-28,SKU03780,370,0,7,179,72,SUFFICIENT STOCK,False
2025-11-23,SKU03781,135,0,7,69,31,SUFFICIENT STOCK,False
2025-12-26,SKU03782,152,0,7,60,19,SUFFICIENT STOCK,False
2025-12-28,SKU03783,167,0,7,187,70,REORDER REQUIRED,True
2025-12-12,SKU03784,124,0,7,130,58,REORDER REQUIRED,True
2025-11-05,SKU03785,30,0,7,51,18,REORDER REQUIRED,True
2025-11-29,SKU03786,10,0,7,40,10,REORDER REQUIRED,True
2025-12-23,SKU03787,150,0,7,127,51,SUFFICIENT STOCK,True
2025-12-27,SKU03788,49,0,7,86,35,REORDER REQUIRED,True
2025-12-09,SKU03789,253,0,7,126,49,SUFFICIENT STOCK,False
2025-11-13,SKU03791,202,0,7,91,30,SUFFICIENT STOCK,False
2025-11-15,SKU03792,194,0,7,94,42,SUFFICIENT STOCK,False
2025-12-28,SKU03793,453,0,7,243,107,SUFFICIENT STOCK,False
2025-12-09,SKU03794,21,0,7,43,14,REORDER REQUIRED,True
2025-11-23,SKU03795,337,0,7,125,47,SUFFICIENT STOCK,False
2025-12-28,SKU03797,216,0,7,253,103,REORDER REQUIRED,True
2025-12-06,SKU03798,188,0,7,86,43,SUFFICIENT STOCK,False
2025-11-10,SKU03799,4,0,7,58,24,REORDER REQUIRED,True
2025-10-10,SKU03800,0,0,7,766,256,OUT OF STOCK,True
2025-11-28,SKU03802,230,0,7,151,57,SUFFICIENT STOCK,False
2025-08-23,SKU03803,7305,0,7,1640,588,SUFFICIENT STOCK,False
2025-11-12,SKU03805,5339,0,7,1262,481,SUFFICIENT STOCK,False
2025-08-29,SKU03807,4214,0,7,911,292,SUFFICIENT STOCK,False
2025-12-04,SKU03808,190,0,7,153,47,SUFFICIENT STOCK,True
2025-12-05,SKU03809,160,0,7,135,48,SUFFICIENT STOCK,True
2025-12-21,SKU03810,666,0,7,300,83,SUFFICIENT STOCK,False
2025-12-14,SKU03811,596,0,7,426,169,SUFFICIENT STOCK,False
2025-12-24,SKU03812,23,0,7,985,348,REORDER REQUIRED,True
2025-11-22,SKU03813,401,0,7,149,45,SUFFICIENT STOCK,False
2025-12-28,SKU03814,263,0,7,107,32,SUFFICIENT STOCK,False
2025-11-02,SKU03815,150,0,7,53,15,SUFFICIENT STOCK,False
2025-12-29,SKU03816,374,0,7,325,102,SUFFICIENT STOCK,True
2025-12-29,SKU03817,121,0,7,60,13,SUFFICIENT STOCK,False
2025-12-20,SKU03818,386,0,7,233,62,SUFFICIENT STOCK,False
2025-12-28,SKU03819,215,0,7,122,48,SUFFICIENT STOCK,False
2025-11-18,SKU03820,47,0,7,31,13,SUFFICIENT STOCK,False
2025-12-26,SKU03821,231,0,7,179,53,SUFFICIENT STOCK,True
2025-11-28,SKU03822,6757,0,7,1519,545,SUFFICIENT STOCK,False
2025-08-29,SKU03823,6636,0,7,1457,511,SUFFICIENT STOCK,False
2025-12-21,SKU03824,269,0,7,121,40,SUFFICIENT STOCK,False
2025-12-05,SKU03825,186,0,7,86,27,SUFFICIENT STOCK,False
2025-12-17,SKU03826,235,0,7,126,34,SUFFICIENT STOCK,False
2025-11-09,SKU03828,6637,0,7,1427,499,SUFFICIENT STOCK,False
2025-12-25,SKU03829,432,0,7,192,64,SUFFICIENT STOCK,False
2025-11-16,SKU03830,90,0,7,48,13,SUFFICIENT STOCK,False
2025-12-27,SKU03831,299,0,7,173,74,SUFFICIENT STOCK,False
2025-11-15,SKU03832,28,0,7,49,17,REORDER REQUIRED,True
2025-08-20,SKU03833,6471,0,7,1482,496,SUFFICIENT STOCK,False
2025-11-04,SKU03834,46,0,7,45,18,SUFFICIENT STOCK,True
2025-11-19,SKU03835,22,0,7,32,14,REORDER REQUIRED,True
2025-08-29,SKU03837,5797,0,7,1226,436,SUFFICIENT STOCK,False
2025-12-15,SKU03838,259,0,7,153,49,SUFFICIENT STOCK,False
2025-12-09,SKU03839,7744,0,7,1715,609,SUFFICIENT STOCK,False
2025-11-11,SKU03840,68,0,7,1338,476,REORDER REQUIRED,True
2025-12-26,SKU03841,51,0,7,99,41,REORDER REQUIRED,True
2025-11-07,SKU03842,149,0,7,58,23,SUFFICIENT STOCK,False
2025-12-20,SKU03843,95,0,7,75,19,SUFFICIENT STOCK,False
2025-12-15,SKU03845,533,0,7,263,109,SUFFICIENT STOCK,False
2025-12-20,SKU03846,83,0,7,179,78,REORDER REQUIRED,True
2025-12-29,SKU03847,175,0,7,80,33,SUFFICIENT STOCK,False
2025-12-25,SKU03848,4695,0,7,1114,409,SUFFICIENT STOCK,False
2025-12-06,SKU03849,248,0,7,215,61,SUFFICIENT STOCK,True
2025-12-23,SKU03850,132,0,7,52,13,SUFFICIENT STOCK,False
2025-10-10,SKU03851,0,0,7,1075,386,OUT OF STOCK,True
2025-12-30,SKU03852,303,0,7,210,77,SUFFICIENT STOCK,False
2025-12-20,SKU03853,192,0,7,88,24,SUFFICIENT STOCK,False
2025-12-17,SKU03854,284,0,7,146,55,SUFFICIENT STOCK,False
2025-12-27,SKU03855,345,0,7,271,110,SUFFICIENT STOCK,True
2025-12-21,SKU03856,207,0,7,178,77,SUFFICIENT STOCK,True
2025-12-27,SKU03857,361,0,7,174,70,SUFFICIENT STOCK,False
2025-12-16,SKU03859,144,0,7,80,32,SUFFICIENT STOCK,False
2025-12-17,SKU03860,253,0,7,141,50,SUFFICIENT STOCK,False
2025-12-13,SKU03861,108,0,7,191,79,REORDER REQUIRED,True
2025-12-16,SKU03862,411,0,7,173,69,SUFFICIENT STOCK,False
2025-09-01,SKU03863,7961,0,7,1848,595,SUFFICIENT STOCK,False
2025-09-02,SKU03864,6464,0,7,1429,476,SUFFICIENT STOCK,False
2025-12-02,SKU03865,179,0,7,94,32,SUFFICIENT STOCK,False
2025-12-31,SKU03866,455,0,7,206,69,SUFFICIENT STOCK,False
2025-12-11,SKU03868,239,0,7,119,43,SUFFICIENT STOCK,False
2025-12-18,SKU03869,206,0,7,93,37,SUFFICIENT STOCK,False
2025-12-01,SKU03870,261,0,7,1077,388,REORDER REQUIRED,True
2025-12-28,SKU03871,413,0,7,318,121,SUFFICIENT STOCK,True
2025-12-26,SKU03873,500,0,7,230,85,SUFFICIENT STOCK,False
2025-11-21,SKU03874,92,0,7,78,30,SUFFICIENT STOCK,True
2025-12-15,SKU03875,168,0,7,155,50,SUFFICIENT STOCK,True
2025-12-26,SKU03876,303,0,7,704,224,REORDER REQUIRED,True
2025-12-21,SKU03877,394,0,7,191,74,SUFFICIENT STOCK,False
2025-12-03,SKU03878,159,0,7,63,18,SUFFICIENT STOCK,False
2025-12-02,SKU03879,269,0,7,172,57,SUFFICIENT STOCK,False
2025-12-22,SKU03880,172,0,7,194,71,REORDER REQUIRED,True
2025-12-29,SKU03881,547,0,7,252,96,SUFFICIENT STOCK,False
2025-12-14,SKU03882,192,0,7,96,32,SUFFICIENT STOCK,False
2025-12-31,SKU03883,293,0,7,286,103,SUFFICIENT STOCK,True
2025-12-26,SKU03884,344,0,7,127,42,SUFFICIENT STOCK,False
2025-12-23,SKU03885,301,0,7,187,47,SUFFICIENT STOCK,False
2025-12-20,SKU03886,126,0,7,82,29,SUFFICIENT STOCK,False
2025-11-26,SKU03887,112,0,7,78,26,SUFFICIENT STOCK,False
2025-11-30,SKU03888,324,0,7,180,53,SUFFICIENT STOCK,False
2025-11-23,SKU03889,182,0,7,90,34,SUFFICIENT STOCK,False
2025-12-20,SKU03890,381,0,7,219,82,SUFFICIENT STOCK,False
2025-11-01,SKU03891,1,0,7,74,22,REORDER REQUIRED,True
2025-11-29,SKU03892,5029,0,7,1120,390,SUFFICIENT STOCK,False
2025-12-26,SKU03893,312,0,7,185,77,SUFFICIENT STOCK,False
2025-12-30,SKU03894,268,0,7,184,77,SUFFICIENT STOCK,False
2025-12-22,SKU03895,84,0,7,218,71,REORDER REQUIRED,True
2025-12-03,SKU03896,343,0,7,179,42,SUFFICIENT STOCK,False
2025-11-06,SKU03897,175,0,7,100,36,SUFFICIENT STOCK,False
2025-12-31,SKU03898,309,0,7,223,90,SUFFICIENT STOCK,True
2025-11-26,SKU03899,489,0,7,282,82,SUFFICIENT STOCK,False
2025-12-26,SKU03900,388,0,7,210,90,SUFFICIENT STOCK,False
2025-11-21,SKU03901,200,0,7,112,49,SUFFICIENT STOCK,False
2025-12-14,SKU03902,163,0,7,214,83,REORDER REQUIRED,True
2025-12-23,SKU03903,282,0,7,183,58,SUFFICIENT STOCK,False
2025-12-17,SKU03904,100,0,7,103,43,REORDER REQUIRED,True
2025-09-01,SKU03905,6638,0,7,1455,473,SUFFICIENT STOCK,False
2025-12-16,SKU03906,345,0,7,210,80,SUFFICIENT STOCK,False
2025-10-12,SKU03907,0,0,7,908,343,OUT OF STOCK,True
2025-12-08,SKU03908,254,0,7,127,38,SUFFICIENT STOCK,False
2025-12-29,SKU03909,70,0,7,79,17,REORDER REQUIRED,True
2025-11-09,SKU03910,122,0,7,142,50,REORDER REQUIRED,True
2025-12-17,SKU03911,239,0,7,130,37,SUFFICIENT STOCK,False
2025-12-19,SKU03912,311,0,7,117,40,SUFFICIENT STOCK,False
2025-12-27,SKU03913,27,0,7,83,26,REORDER REQUIRED,True
2025-11-12,SKU03914,185,0,7,96,44,SUFFICIENT STOCK,False
2025-11-18,SKU03915,95,0,7,70,18,SUFFICIENT STOCK,False
2025-12-27,SKU03916,195,0,7,125,43,SUFFICIENT STOCK,False
2025-12-24,SKU03917,285,0,7,287,113,REORDER REQUIRED,True
2025-12-18,SKU03918,273,0,7,217,89,SUFFICIENT STOCK,True
2025-12-10,SKU03919,158,0,7,63,13,SUFFICIENT STOCK,False
2025-12-28,SKU03920,64,0,7,56,22,SUFFICIENT STOCK,True
2025-12-16,SKU03921,396,0,7,174,77,SUFFICIENT STOCK,False
2025-12-09,SKU03922,191,0,7,91,42,SUFFICIENT STOCK,False
2025-12-28,SKU03923,177,0,7,113,40,SUFFICIENT STOCK,False
2025-12-29,SKU03924,210,0,7,139,44,SUFFICIENT STOCK,False
2025-12-14,SKU03925,183,0,7,162,49,SUFFICIENT STOCK,True
2025-11-09,SKU03927,189,0,7,88,31,SUFFICIENT STOCK,False
2025-12-10,SKU03928,101,0,7,62,29,SUFFICIENT STOCK,False
2025-11-19,SKU03929,164,0,7,98,26,SUFFICIENT STOCK,False
2025-11-04,SKU03930,49,0,7,72,27,REORDER REQUIRED,True
2025-08-24,SKU03931,3555,0,7,963,306,SUFFICIENT STOCK,False
2025-09-02,SKU03932,8004,0,7,1739,615,SUFFICIENT STOCK,False
2025-11-17,SKU03933,134,0,7,116,38,SUFFICIENT STOCK,True
2025-12-25,SKU03934,132,0,7,272,82,REORDER REQUIRED,True
2025-12-07,SKU03935,155,0,7,81,20,SUFFICIENT STOCK,False
2025-12-27,SKU03936,443,0,7,214,76,SUFFICIENT STOCK,False
2025-12-18,SKU03937,440,0,7,330,138,SUFFICIENT STOCK,True
2025-11-02,SKU03938,270,0,7,91,44,SUFFICIENT STOCK,False
2025-12-19,SKU03939,18,0,7,120,39,REORDER REQUIRED,True
2025-12-12,SKU03940,162,0,7,227,84,REORDER REQUIRED,True
2025-08-27,SKU03941,5499,0,7,1349,491,SUFFICIENT STOCK,False
2025-12-21,SKU03942,148,0,7,98,25,SUFFICIENT STOCK,False
2025-12-30,SKU03943,84,0,7,133,55,REORDER REQUIRED,True
2025-12-16,SKU03944,656,0,7,390,135,SUFFICIENT STOCK,False
2025-12-18,SKU03945,310,0,7,215,68,SUFFICIENT STOCK,False
2025-12-07,SKU03947,248,0,7,130,52,SUFFICIENT STOCK,False
2025-12-31,SKU03948,44,0,7,122,42,REORDER REQUIRED,True
2025-11-29,SKU03949,217,0,7,76,35,SUFFICIENT STOCK,False
2025-08-29,SKU03950,8341,0,7,1861,652,SUFFICIENT STOCK,False
2025-12-31,SKU03951,225,0,7,276,85,REORDER REQUIRED,True
2025-12-07,SKU03952,71,0,7,179,60,REORDER REQUIRED,True
2025-12-11,SKU03953,114,0,7,156,45,REORDER REQUIRED,True
2025-12-04,SKU03954,262,0,7,169,58,SUFFICIENT STOCK,False
2025-12-25,SKU03955,140,0,7,93,23,SUFFICIENT STOCK,False
2025-12-07,SKU03956,175,0,7,151,57,SUFFICIENT STOCK,True
2025-12-26,SKU03958,505,0,7,220,82,SUFFICIENT STOCK,False
2025-12-14,SKU03959,205,0,7,89,34,SUFFICIENT STOCK,False
2025-12-03,SKU03960,216,0,7,80,30,SUFFICIENT STOCK,False
2025-12-09,SKU03961,636,0,7,300,114,SUFFICIENT STOCK,False
2025-12-11,SKU03962,69,0,7,34,14,SUFFICIENT STOCK,False
2025-12-31,SKU03963,674,0,7,322,113,SUFFICIENT STOCK,False
2025-12-24,SKU03964,177,0,7,132,51,SUFFICIENT STOCK,True
2025-12-26,SKU03965,262,0,7,176,70,SUFFICIENT STOCK,False
2025-11-18,SKU03966,4412,0,7,1012,355,SUFFICIENT STOCK,False
2025-12-18,SKU03967,399,0,7,174,78,SUFFICIENT STOCK,False
2025-12-11,SKU03968,7787,0,7,1745,623,SUFFICIENT STOCK,False
2025-12-22,SKU03969,299,0,7,216,64,SUFFICIENT STOCK,False
2025-12-03,SKU03970,104,0,7,48,15,SUFFICIENT STOCK,False
2025-11-09,SKU03971,138,0,7,89,24,SUFFICIENT STOCK,False
2025-12-17,SKU03972,424,0,7,212,82,SUFFICIENT STOCK,False
2025-12-05,SKU03974,125,0,7,65,14,SUFFICIENT STOCK,False
2025-11-30,SKU03975,6275,0,7,1360,470,SUFFICIENT STOCK,False
2025-12-28,SKU03976,419,0,7,145,58,SUFFICIENT STOCK,False
2025-11-30,SKU03977,179,0,7,132,51,SUFFICIENT STOCK,True
2025-11-13,SKU03978,189,0,7,70,22,SUFFICIENT STOCK,False
2025-12-12,SKU03979,223,0,7,83,23,SUFFICIENT STOCK,False
2025-12-29,SKU03980,498,0,7,325,114,SUFFICIENT STOCK,False
2025-12-13,SKU03981,281,0,7,196,78,SUFFICIENT STOCK,False
2025-12-31,SKU03982,147,0,7,96,33,SUFFICIENT STOCK,False
2025-12-28,SKU03983,335,0,7,145,51,SUFFICIENT STOCK,False
2025-12-29,SKU03984,626,0,7,358,142,SUFFICIENT STOCK,False
2025-12-09,SKU03985,389,0,7,214,71,SUFFICIENT STOCK,False
2025-12-22,SKU03986,246,0,7,166,80,SUFFICIENT STOCK,False
2025-11-11,SKU03987,50,0,7,82,32,REORDER REQUIRED,True
2025-11-06,SKU03988,94,0,7,105,35,REORDER REQUIRED,True
2025-12-31,SKU03989,229,0,7,196,84,SUFFICIENT STOCK,True
2025-11-07,SKU03990,32,0,7,40,19,REORDER REQUIRED,True
2025-12-10,SKU03991,252,0,7,121,51,SUFFICIENT STOCK,False
2025-12-30,SKU03992,681,0,7,441,165,SUFFICIENT STOCK,False
2025-12-25,SKU03994,307,0,7,149,52,SUFFICIENT STOCK,False
2025-12-08,SKU03995,353,0,7,181,71,SUFFICIENT STOCK,False
2025-12-20,SKU03996,337,0,7,300,106,SUFFICIENT STOCK,True
2025-12-22,SKU03997,242,0,7,176,49,SUFFICIENT STOCK,False
2025-12-29,SKU03998,38,0,7,45,15,REORDER REQUIRED,True
2025-12-05,SKU04000,5,0,7,23,8,REORDER REQUIRED,True
2025-11-22,SKU04001,433,0,7,264,91,SUFFICIENT STOCK,False
2025-12-03,SKU04002,403,0,7,243,100,SUFFICIENT STOCK,False
2025-12-24,SKU04003,176,0,7,123,40,SUFFICIENT STOCK,False
2025-11-30,SKU04004,102,0,7,36,7,SUFFICIENT STOCK,False
2025-12-26,SKU04005,215,0,7,233,83,REORDER REQUIRED,True
2025-12-12,SKU04006,51,0,7,34,10,SUFFICIENT STOCK,False
2025-11-08,SKU04007,157,0,7,96,39,SUFFICIENT STOCK,False
2025-12-14,SKU04008,232,0,7,148,56,SUFFICIENT STOCK,False
2025-12-04,SKU04009,380,0,7,296,97,SUFFICIENT STOCK,True
2025-12-17,SKU04010,101,0,7,66,28,SUFFICIENT STOCK,False
2025-12-25,SKU04011,106,0,7,116,50,REORDER REQUIRED,True
2025-11-08,SKU04012,82,0,7,629,187,REORDER REQUIRED,True
2025-11-25,SKU04013,161,0,7,101,27,SUFFICIENT STOCK,False
2025-12-13,SKU04014,78,0,7,85,39,REORDER REQUIRED,True
2025-12-29,SKU04015,412,0,7,198,77,SUFFICIENT STOCK,False
2025-12-18,SKU04016,361,0,7,1191,416,REORDER REQUIRED,True
2025-11-19,SKU04017,261,0,7,153,71,SUFFICIENT STOCK,False
2025-12-07,SKU04018,69,0,7,88,23,REORDER REQUIRED,True
2025-08-23,SKU04019,6691,0,7,1391,483,SUFFICIENT STOCK,False
2025-12-27,SKU04020,188,0,7,191,74,REORDER REQUIRED,True
2025-12-28,SKU04021,303,0,7,149,50,SUFFICIENT STOCK,False
2025-12-26,SKU04022,319,0,7,234,60,SUFFICIENT STOCK,False
2025-12-11,SKU04023,222,0,7,131,34,SUFFICIENT STOCK,False
2025-11-07,SKU04024,230,0,7,122,51,SUFFICIENT STOCK,False
2025-12-03,SKU04025,155,0,7,79,24,SUFFICIENT STOCK,False
2025-11-23,SKU04026,245,0,7,124,29,SUFFICIENT STOCK,False
2025-12-22,SKU04028,372,0,7,271,102,SUFFICIENT STOCK,True
2025-12-18,SKU04029,118,0,7,94,28,SUFFICIENT STOCK,True
2025-12-19,SKU04030,308,0,7,158,64,SUFFICIENT STOCK,False
2025-12-16,SKU04031,87,0,7,38,15,SUFFICIENT STOCK,False
2025-12-24,SKU04032,217,0,7,773,258,REORDER REQUIRED,True
2025-12-14,SKU04033,161,0,7,94,31,SUFFICIENT STOCK,False
2025-12-31,SKU04034,73,0,7,68,20,SUFFICIENT STOCK,True
2025-10-12,SKU04035,0,0,7,942,288,OUT OF STOCK,True
2025-11-26,SKU04036,179,0,7,77,26,SUFFICIENT STOCK,False
2025-11-30,SKU04037,214,0,7,120,40,SUFFICIENT STOCK,False
2025-12-22,SKU04038,357,0,7,307,93,SUFFICIENT STOCK,True
2025-11-24,SKU04039,143,0,7,76,31,SUFFICIENT STOCK,False
2025-11-17,SKU04040,30,0,7,30,9,REORDER REQUIRED,True
2025-12-31,SKU04041,184,0,7,723,250,REORDER REQUIRED,True
2025-12-11,SKU04042,161,0,7,107,37,SUFFICIENT STOCK,False
2025-12-25,SKU04044,341,0,7,267,112,SUFFICIENT STOCK,True
2025-12-18,SKU04045,228,0,7,176,75,SUFFICIENT STOCK,True
2025-12-29,SKU04046,51,0,7,704,233,REORDER REQUIRED,True
2025-12-26,SKU04049,757,0,7,351,110,SUFFICIENT STOCK,False
2025-11-15,SKU04050,395,0,7,281,91,SUFFICIENT STOCK,False
2025-12-13,SKU04051,193,0,7,75,25,SUFFICIENT STOCK,False
2025-08-31,SKU04052,6170,0,7,1419,518,SUFFICIENT STOCK,False
2025-09-02,SKU04053,7592,0,7,1798,665,SUFFICIENT STOCK,False
2025-08-31,SKU04054,7673,0,7,1693,590,SUFFICIENT STOCK,False
2025-11-20,SKU04055,41,0,7,26,7,SUFFICIENT STOCK,False
2025-12-13,SKU04056,38,0,7,106,46,REORDER REQUIRED,True
2025-12-26,SKU04057,711,0,7,385,139,SUFFICIENT STOCK,False
2025-12-31,SKU04058,67,0,7,89,18,REORDER REQUIRED,True
2025-12-27,SKU04060,543,0,7,302,112,SUFFICIENT STOCK,False
2025-12-04,SKU04061,96,0,7,79,32,SUFFICIENT STOCK,True
2025-09-02,SKU04062,7249,0,7,1618,618,SUFFICIENT STOCK,False
2025-12-06,SKU04063,50,0,7,168,54,REORDER REQUIRED,True
2025-12-21,SKU04065,354,0,7,177,77,SUFFICIENT STOCK,False
2025-12-16,SKU04066,498,0,7,220,74,SUFFICIENT STOCK,False
2025-12-19,SKU04068,67,0,7,24,6,SUFFICIENT STOCK,False
2025-12-28,SKU04069,137,0,7,124,58,SUFFICIENT STOCK,True
2025-12-03,SKU04070,115,0,7,122,33,REORDER REQUIRED,True
2025-12-04,SKU04071,368,0,7,149,49,SUFFICIENT STOCK,False
2025-11-09,SKU04072,55,0,7,81,21,REORDER REQUIRED,True
2025-12-20,SKU04073,5701,0,7,1357,458,SUFFICIENT STOCK,False
2025-11-13,SKU04074,7,0,7,50,19,REORDER REQUIRED,True
2025-12-13,SKU04075,59,0,7,94,28,REORDER REQUIRED,True
2025-12-15,SKU04076,27,0,7,23,7,SUFFICIENT STOCK,True
2025-12-19,SKU04077,506,0,7,186,65,SUFFICIENT STOCK,False
2025-12-30,SKU04078,582,0,7,450,196,SUFFICIENT STOCK,True
2025-12-13,SKU04079,84,0,7,127,50,REORDER REQUIRED,True
2025-11-21,SKU04080,186,0,7,67,18,SUFFICIENT STOCK,False
2025-12-17,SKU04081,178,0,7,158,46,SUFFICIENT STOCK,True
2025-11-21,SKU04082,110,0,7,55,21,SUFFICIENT STOCK,False
2025-11-08,SKU04083,191,0,7,82,33,SUFFICIENT STOCK,False
2025-12-13,SKU04084,465,0,7,290,94,SUFFICIENT STOCK,False
2025-12-25,SKU04085,205,0,7,183,79,SUFFICIENT STOCK,True
2025-12-24,SKU04086,290,0,7,196,79,SUFFICIENT STOCK,False
2025-12-22,SKU04087,128,0,7,87,38,SUFFICIENT STOCK,False
2025-12-14,SKU04088,73,0,7,28,7,SUFFICIENT STOCK,False
2025-12-16,SKU04089,373,0,7,189,73,SUFFICIENT STOCK,False
2025-12-26,SKU04090,476,0,7,232,50,SUFFICIENT STOCK,False
2025-12-20,SKU04091,120,0,7,136,65,REORDER REQUIRED,True
2025-11-19,SKU04092,310,0,7,168,62,SUFFICIENT STOCK,False
2025-11-27,SKU04093,244,0,7,131,55,SUFFICIENT STOCK,False
2025-12-09,SKU04094,144,0,7,114,25,SUFFICIENT STOCK,False
2025-12-19,SKU04095,438,0,7,176,59,SUFFICIENT STOCK,False
2025-12-01,SKU04096,88,0,7,41,12,SUFFICIENT STOCK,False
2025-12-23,SKU04097,107,0,7,79,30,SUFFICIENT STOCK,True
2025-12-27,SKU04098,458,0,7,220,83,SUFFICIENT STOCK,False
2025-12-22,SKU04101,117,0,7,63,23,SUFFICIENT STOCK,False
2025-12-16,SKU04102,5207,0,7,1170,439,SUFFICIENT STOCK,False
2025-12-11,SKU04103,16,0,7,46,15,REORDER REQUIRED,True
2025-12-09,SKU04104,60,0,7,73,29,REORDER REQUIRED,True
2025-12-30,SKU04105,72,0,7,1008,385,REORDER REQUIRED,True
2025-08-09,SKU04106,4172,0,7,911,313,SUFFICIENT STOCK,False
2025-11-17,SKU04107,4625,0,7,1109,407,SUFFICIENT STOCK,False
2025-12-31,SKU04108,406,0,7,220,73,SUFFICIENT STOCK,False
2025-12-25,SKU04109,214,0,7,187,80,SUFFICIENT STOCK,True
2025-12-08,SKU04110,165,0,7,70,29,SUFFICIENT STOCK,False
2025-11-17,SKU04111,104,0,7,50,17,SUFFICIENT STOCK,False
2025-11-30,SKU04114,213,0,7,84,38,SUFFICIENT STOCK,False
2025-11-21,SKU04116,419,0,7,259,82,SUFFICIENT STOCK,False
2025-12-28,SKU04117,77,0,7,137,61,REORDER REQUIRED,True
2025-11-27,SKU04119,117,0,7,83,19,SUFFICIENT STOCK,False
2025-12-04,SKU04120,155,0,7,92,30,SUFFICIENT STOCK,False
2025-12-28,SKU04121,218,0,7,207,72,SUFFICIENT STOCK,True
2025-12-18,SKU04122,353,0,7,170,68,SUFFICIENT STOCK,False
2025-12-17,SKU04123,82,0,7,69,27,SUFFICIENT STOCK,True
2025-12-07,SKU04124,102,0,7,59,13,SUFFICIENT STOCK,False
2025-12-21,SKU04125,274,0,7,184,65,SUFFICIENT STOCK,False
2025-12-19,SKU04126,63,0,7,922,283,REORDER REQUIRED,True
2025-12-03,SKU04127,137,0,7,81,24,SUFFICIENT STOCK,False
2025-11-03,SKU04128,154,0,7,78,28,SUFFICIENT STOCK,False
2025-12-19,SKU04129,281,0,7,124,37,SUFFICIENT STOCK,False
2025-12-30,SKU04130,44,0,7,92,18,REORDER REQUIRED,True
2025-12-03,SKU04131,161,0,7,105,33,SUFFICIENT STOCK,False
2025-12-28,SKU04132,150,0,7,51,16,SUFFICIENT STOCK,False
2025-12-01,SKU04133,295,0,7,163,56,SUFFICIENT STOCK,False
2025-12-21,SKU04135,364,0,7,227,70,SUFFICIENT STOCK,False
2025-11-12,SKU04136,172,0,7,114,41,SUFFICIENT STOCK,False
2025-12-19,SKU04137,91,0,7,107,36,REORDER REQUIRED,True
2025-12-03,SKU04138,71,0,7,81,25,REORDER REQUIRED,True
2025-12-24,SKU04139,172,0,7,111,38,SUFFICIENT STOCK,False
2025-12-25,SKU04140,108,0,7,736,261,REORDER REQUIRED,True
2025-12-06,SKU04141,110,0,7,104,42,SUFFICIENT STOCK,True
2025-12-04,SKU04142,4297,0,7,1017,384,SUFFICIENT STOCK,False
2025-08-30,SKU04144,7612,0,7,1799,648,SUFFICIENT STOCK,False
2025-09-01,SKU04145,3684,0,7,842,299,SUFFICIENT STOCK,False
2025-12-12,SKU04146,161,0,7,60,28,SUFFICIENT STOCK,False
2025-09-02,SKU04147,6996,0,7,1551,567,SUFFICIENT STOCK,False
2025-11-26,SKU04148,37,0,7,49,21,REORDER REQUIRED,True
2025-11-29,SKU04149,34,0,7,28,13,SUFFICIENT STOCK,True
2025-11-19,SKU04150,93,0,7,74,25,SUFFICIENT STOCK,True
2025-12-31,SKU04151,266,0,7,239,72,SUFFICIENT STOCK,True
2025-11-09,SKU04152,6454,0,7,1348,463,SUFFICIENT STOCK,False
2025-09-02,SKU04153,7580,0,7,1766,621,SUFFICIENT STOCK,False
2025-12-28,SKU04154,327,0,7,1012,358,REORDER REQUIRED,True
2025-12-11,SKU04155,74,0,7,64,19,SUFFICIENT STOCK,True
2025-12-22,SKU04156,0,0,7,64,21,OUT OF STOCK,True
2025-12-04,SKU04157,58,0,7,1005,330,REORDER REQUIRED,True
2025-11-17,SKU04158,36,0,7,97,33,REORDER REQUIRED,True
2025-12-02,SKU04159,248,0,7,183,51,SUFFICIENT STOCK,False
2025-12-29,SKU04160,56,0,7,76,23,REORDER REQUIRED,True
2025-12-21,SKU04161,66,0,7,69,27,REORDER REQUIRED,True
2025-12-16,SKU04162,31,0,7,55,21,REORDER REQUIRED,True
2025-12-28,SKU04163,106,0,7,126,48,REORDER REQUIRED,True
2025-12-18,SKU04164,133,0,7,57,17,SUFFICIENT STOCK,False
2025-12-30,SKU04165,287,0,7,167,54,SUFFICIENT STOCK,False
2025-10-06,SKU04166,0,0,7,797,286,OUT OF STOCK,True
2025-11-10,SKU04169,77,0,7,66,27,SUFFICIENT STOCK,True
2025-12-19,SKU04170,183,0,7,161,48,SUFFICIENT STOCK,True
2025-11-01,SKU04171,5,0,7,88,26,REORDER REQUIRED,True
2025-12-21,SKU04172,238,0,7,122,32,SUFFICIENT STOCK,False
2025-12-15,SKU04173,143,0,7,147,44,REORDER REQUIRED,True
2025-12-11,SKU04174,256,0,7,114,27,SUFFICIENT STOCK,False
2025-11-15,SKU04175,51,0,7,110,34,REORDER REQUIRED,True
2025-12-31,SKU04176,10,0,7,25,8,REORDER REQUIRED,True
2025-12-26,SKU04177,540,0,7,269,86,SUFFICIENT STOCK,False
2025-11-22,SKU04178,339,0,7,184,60,SUFFICIENT STOCK,False
2025-11-14,SKU04179,177,0,7,82,34,SUFFICIENT STOCK,False
2025-12-22,SKU04180,438,0,7,320,110,SUFFICIENT STOCK,False
2025-11-02,SKU04181,55,0,7,97,48,REORDER REQUIRED,True
2025-12-13,SKU04184,125,0,7,54,13,SUFFICIENT STOCK,False
2025-12-11,SKU04185,109,0,7,102,32,SUFFICIENT STOCK,True
2025-12-21,SKU04186,340,0,7,125,37,SUFFICIENT STOCK,False
2025-12-26,SKU04187,305,0,7,202,67,SUFFICIENT STOCK,False
2025-12-27,SKU04188,143,0,7,139,49,SUFFICIENT STOCK,True
2025-11-14,SKU04189,155,0,7,111,25,SUFFICIENT STOCK,False
2025-11-21,SKU04190,102,0,7,84,33,SUFFICIENT STOCK,True
2025-10-11,SKU04191,0,0,7,1088,372,OUT OF STOCK,True
2025-12-26,SKU04192,760,0,7,367,99,SUFFICIENT STOCK,False
2025-11-11,SKU04193,46,0,7,30,13,SUFFICIENT STOCK,False
2025-12-15,SKU04194,6518,0,7,1489,514,SUFFICIENT STOCK,False
2025-11-30,SKU04195,210,0,7,81,22,SUFFICIENT STOCK,False
2025-12-05,SKU04196,223,0,7,86,35,SUFFICIENT STOCK,False
2025-11-23,SKU04197,620,0,7,298,111,SUFFICIENT STOCK,False
2025-12-18,SKU04198,402,0,7,180,74,SUFFICIENT STOCK,False
2025-11-18,SKU04199,229,0,7,102,27,SUFFICIENT STOCK,False
2025-12-13,SKU04201,325,0,7,184,56,SUFFICIENT STOCK,False
2025-12-08,SKU04202,311,0,7,222,91,SUFFICIENT STOCK,True
2025-12-26,SKU04203,384,0,7,313,132,SUFFICIENT STOCK,True
2025-12-31,SKU04204,287,0,7,157,49,SUFFICIENT STOCK,False
2025-11-14,SKU04205,127,0,7,90,33,SUFFICIENT STOCK,False
2025-12-22,SKU04206,38,0,7,64,24,REORDER REQUIRED,True
2025-11-18,SKU04207,130,0,7,169,54,REORDER REQUIRED,True
2025-11-30,SKU04208,73,0,7,90,30,REORDER REQUIRED,True
2025-12-11,SKU04209,177,0,7,82,36,SUFFICIENT STOCK,False
2025-11-12,SKU04211,120,0,7,150,49,REORDER REQUIRED,True
2025-09-02,SKU04212,5905,0,7,1345,505,SUFFICIENT STOCK,False
2025-12-11,SKU04213,155,0,7,63,17,SUFFICIENT STOCK,False
2025-12-09,SKU04214,73,0,7,54,25,SUFFICIENT STOCK,True
2025-09-01,SKU04215,7022,0,7,1594,545,SUFFICIENT STOCK,False
2025-12-26,SKU04216,190,0,7,107,37,SUFFICIENT STOCK,False
2025-11-21,SKU04217,6589,0,7,1463,482,SUFFICIENT STOCK,False
2025-12-19,SKU04218,93,0,7,71,20,SUFFICIENT STOCK,False
2025-12-19,SKU04219,331,0,7,195,71,SUFFICIENT STOCK,False
2025-11-29,SKU04220,257,0,7,136,48,SUFFICIENT STOCK,False
2025-12-14,SKU04221,181,0,7,94,41,SUFFICIENT STOCK,False
2025-12-31,SKU04222,7311,0,7,1578,568,SUFFICIENT STOCK,False
2025-12-28,SKU04223,226,0,7,212,73,SUFFICIENT STOCK,True
2025-12-14,SKU04225,169,0,7,65,17,SUFFICIENT STOCK,False
2025-12-31,SKU04226,461,0,7,229,87,SUFFICIENT STOCK,False
2025-11-21,SKU04227,80,0,7,28,6,SUFFICIENT STOCK,False
2025-09-01,SKU04228,7249,0,7,1640,546,SUFFICIENT STOCK,False
2025-11-30,SKU04229,142,0,7,58,29,SUFFICIENT STOCK,False
2025-12-22,SKU04230,32,0,7,50,13,REORDER REQUIRED,True
2025-12-04,SKU04231,155,0,7,61,24,SUFFICIENT STOCK,False
2025-11-28,SKU04233,247,0,7,181,45,SUFFICIENT STOCK,False
2025-12-22,SKU04234,129,0,7,148,49,REORDER REQUIRED,True
2025-12-24,SKU04235,481,0,7,307,109,SUFFICIENT STOCK,False
2025-08-31,SKU04236,7621,0,7,1635,574,SUFFICIENT STOCK,False
2025-12-15,SKU04237,78,0,7,31,7,SUFFICIENT STOCK,False
2025-12-20,SKU04238,268,0,7,227,68,SUFFICIENT STOCK,True
2025-12-12,SKU04239,174,0,7,116,35,SUFFICIENT STOCK,False
2025-12-16,SKU04240,66,0,7,42,10,SUFFICIENT STOCK,False
2025-11-07,SKU04241,46,0,7,37,11,SUFFICIENT STOCK,True
2025-11-02,SKU04242,107,0,7,53,21,SUFFICIENT STOCK,False
2025-12-13,SKU04243,28,0,7,31,12,REORDER REQUIRED,True
2025-12-22,SKU04244,4751,0,7,1080,348,SUFFICIENT STOCK,False
2025-12-25,SKU04245,99,0,7,725,264,REORDER REQUIRED,True
2025-11-13,SKU04246,130,0,7,68,16,SUFFICIENT STOCK,False
2025-12-21,SKU04247,88,0,7,30,12,SUFFICIENT STOCK,False
2025-12-08,SKU04249,130,0,7,224,102,REORDER REQUIRED,True
2025-09-01,SKU04250,6102,0,7,1428,486,SUFFICIENT STOCK,False
2025-12-25,SKU04251,353,0,7,299,110,SUFFICIENT STOCK,True
2025-12-31,SKU04252,121,0,7,59,25,SUFFICIENT STOCK,False
2025-12-29,SKU04253,20,0,7,54,12,REORDER REQUIRED,True
2025-12-06,SKU04254,367,0,7,218,76,SUFFICIENT STOCK,False
2025-12-17,SKU04255,320,0,7,285,103,SUFFICIENT STOCK,True
2025-12-23,SKU04256,36,0,7,85,37,REORDER REQUIRED,True
2025-12-19,SKU04258,260,0,7,132,56,SUFFICIENT STOCK,False
2025-12-02,SKU04259,462,0,7,239,87,SUFFICIENT STOCK,False
2025-11-24,SKU04261,5932,0,7,1323,490,SUFFICIENT STOCK,False
2025-12-30,SKU04262,89,0,7,39,19,SUFFICIENT STOCK,False
2025-12-17,SKU04263,334,0,7,168,55,SUFFICIENT STOCK,False
2025-12-13,SKU04264,341,0,7,204,71,SUFFICIENT STOCK,False
2025-12-29,SKU04265,329,0,7,160,53,SUFFICIENT STOCK,False
2025-12-14,SKU04266,337,0,7,148,61,SUFFICIENT STOCK,False
2025-12-26,SKU04267,261,0,7,144,37,SUFFICIENT STOCK,False
2025-12-29,SKU04269,0,0,7,22,6,OUT OF STOCK,True
2025-12-13,SKU04270,369,0,7,187,69,SUFFICIENT STOCK,False
2025-12-18,SKU04272,26,0,7,20,9,SUFFICIENT STOCK,True
2025-12-16,SKU04273,131,0,7,697,260,REORDER REQUIRED,True
2025-12-24,SKU04274,277,0,7,169,62,SUFFICIENT STOCK,False
2025-12-17,SKU04275,28,0,7,46,18,REORDER REQUIRED,True
2025-12-12,SKU04276,144,0,7,120,46,SUFFICIENT STOCK,True
2025-12-22,SKU04277,381,0,7,181,56,SUFFICIENT STOCK,False
2025-12-14,SKU04280,335,0,7,928,315,REORDER REQUIRED,True
2025-08-25,SKU04281,6997,0,7,1593,496,SUFFICIENT STOCK,False
2025-12-28,SKU04282,213,0,7,118,51,SUFFICIENT STOCK,False
2025-12-18,SKU04283,136,0,7,80,25,SUFFICIENT STOCK,False
2025-12-24,SKU04284,203,0,7,190,61,SUFFICIENT STOCK,True
2025-11-20,SKU04285,477,0,7,186,63,SUFFICIENT STOCK,False
2025-12-23,SKU04286,214,0,7,138,48,SUFFICIENT STOCK,False
2025-12-27,SKU04287,12,0,7,88,39,REORDER REQUIRED,True
2025-12-20,SKU04289,173,0,7,145,39,SUFFICIENT STOCK,True
2025-12-27,SKU04290,85,0,7,58,29,SUFFICIENT STOCK,True
2025-12-29,SKU04291,324,0,7,211,66,SUFFICIENT STOCK,False
2025-09-02,SKU04292,7275,0,7,1650,558,SUFFICIENT STOCK,False
2025-11-25,SKU04293,72,0,7,50,12,SUFFICIENT STOCK,False
2025-12-26,SKU04294,177,0,7,145,34,SUFFICIENT STOCK,True
2025-12-15,SKU04295,84,0,7,102,29,REORDER REQUIRED,True
2025-12-26,SKU04296,70,0,7,26,7,SUFFICIENT STOCK,False
2025-12-01,SKU04297,257,0,7,162,72,SUFFICIENT STOCK,False
2025-11-15,SKU04298,189,0,7,91,39,SUFFICIENT STOCK,False
2025-12-22,SKU04299,380,0,7,198,78,SUFFICIENT STOCK,False
2025-12-21,SKU04300,233,0,7,196,54,SUFFICIENT STOCK,True
2025-12-28,SKU04301,89,0,7,62,21,SUFFICIENT STOCK,False
2025-12-22,SKU04302,69,0,7,30,8,SUFFICIENT STOCK,False
2025-12-22,SKU04303,453,0,7,195,78,SUFFICIENT STOCK,False
2025-12-28,SKU04304,99,0,7,76,28,SUFFICIENT STOCK,True
2025-10-10,SKU04305,0,0,7,666,232,OUT OF STOCK,True
2025-12-19,SKU04306,282,0,7,212,72,SUFFICIENT STOCK,True
2025-12-29,SKU04307,369,0,7,287,93,SUFFICIENT STOCK,True
2025-12-20,SKU04308,87,0,7,35,13,SUFFICIENT STOCK,False
2025-12-24,SKU04309,11,0,7,154,49,REORDER REQUIRED,True
2025-12-09,SKU04310,309,0,7,209,48,SUFFICIENT STOCK,False
2025-12-04,SKU04311,264,0,7,121,43,SUFFICIENT STOCK,False
2025-12-28,SKU04313,247,0,7,178,60,SUFFICIENT STOCK,False
2025-12-24,SKU04314,203,0,7,141,59,SUFFICIENT STOCK,False
2025-12-25,SKU04315,87,0,7,1039,334,REORDER REQUIRED,True
2025-12-16,SKU04317,212,0,7,113,39,SUFFICIENT STOCK,False
2025-12-08,SKU04318,38,0,7,671,246,REORDER REQUIRED,True
2025-08-29,SKU04319,4249,0,7,1011,344,SUFFICIENT STOCK,False
2025-12-07,SKU04320,239,0,7,121,41,SUFFICIENT STOCK,False
2025-12-29,SKU04321,260,0,7,581,189,REORDER REQUIRED,True
2025-12-17,SKU04322,130,0,7,105,36,SUFFICIENT STOCK,True
2025-11-23,SKU04323,37,0,7,47,14,REORDER REQUIRED,True
2025-11-18,SKU04324,3,0,7,27,13,REORDER REQUIRED,True
2025-12-19,SKU04325,77,0,7,32,12,SUFFICIENT STOCK,False
2025-11-22,SKU04326,193,0,7,111,42,SUFFICIENT STOCK,False
2025-12-17,SKU04327,114,0,7,167,58,REORDER REQUIRED,True
2025-12-23,SKU04328,146,0,7,207,76,REORDER REQUIRED,True
2025-10-11,SKU04329,0,0,7,846,325,OUT OF STOCK,True
2025-11-14,SKU04330,64,0,7,42,17,SUFFICIENT STOCK,False
2025-12-08,SKU04331,433,0,7,273,111,SUFFICIENT STOCK,False
2025-11-23,SKU04332,46,0,7,42,18,SUFFICIENT STOCK,True
2025-12-25,SKU04333,238,0,7,210,93,SUFFICIENT STOCK,True
2025-11-11,SKU04334,7084,0,7,1570,554,SUFFICIENT STOCK,False
2025-12-02,SKU04335,132,0,7,180,63,REORDER REQUIRED,True
2025-12-18,SKU04336,184,0,7,92,35,SUFFICIENT STOCK,False
2025-11-29,SKU04338,268,0,7,116,25,SUFFICIENT STOCK,False
2025-11-27,SKU04339,12,0,7,41,11,REORDER REQUIRED,True
2025-12-29,SKU04340,493,0,7,293,126,SUFFICIENT STOCK,False
2025-11-09,SKU04342,95,0,7,41,18,SUFFICIENT STOCK,False
2025-12-04,SKU04343,110,0,7,83,26,SUFFICIENT STOCK,False
2025-12-01,SKU04344,34,0,7,66,32,REORDER REQUIRED,True
2025-12-25,SKU04345,384,0,7,234,91,SUFFICIENT STOCK,False
2025-10-11,SKU04346,0,0,7,1109,369,OUT OF STOCK,True
2025-12-30,SKU04347,213,0,7,99,25,SUFFICIENT STOCK,False
2025-11-28,SKU04348,16,0,7,782,279,REORDER REQUIRED,True
2025-12-13,SKU04349,324,0,7,174,59,SUFFICIENT STOCK,False
2025-11-28,SKU04350,61,0,7,1094,345,REORDER REQUIRED,True
2025-11-24,SKU04351,168,0,7,64,22,SUFFICIENT STOCK,False
2025-08-31,SKU04352,5625,0,7,1206,417,SUFFICIENT STOCK,False
2025-12-08,SKU04353,74,0,7,58,18,SUFFICIENT STOCK,True
2025-12-24,SKU04354,132,0,7,94,30,SUFFICIENT STOCK,False
2025-12-22,SKU04355,95,0,7,88,19,SUFFICIENT STOCK,True
2025-11-19,SKU04356,352,0,7,131,45,SUFFICIENT STOCK,False
2025-12-28,SKU04357,386,0,7,172,59,SUFFICIENT STOCK,False
2025-12-13,SKU04358,86,0,7,200,88,REORDER REQUIRED,True
2025-12-06,SKU04360,230,0,7,147,48,SUFFICIENT STOCK,False
2025-12-05,SKU04361,97,0,7,42,20,SUFFICIENT STOCK,False
2025-11-03,SKU04362,14,0,7,1202,429,REORDER REQUIRED,True
2025-11-25,SKU04363,73,0,7,81,33,REORDER REQUIRED,True
2025-12-24,SKU04364,1075,0,7,479,169,SUFFICIENT STOCK,False
2025-12-31,SKU04365,300,0,7,181,81,SUFFICIENT STOCK,False
2025-12-11,SKU04366,250,0,7,107,29,SUFFICIENT STOCK,False
2025-12-02,SKU04368,28,0,7,75,34,REORDER REQUIRED,True
2025-12-19,SKU04369,735,0,7,356,104,SUFFICIENT STOCK,False
2025-12-30,SKU04370,357,0,7,276,104,SUFFICIENT STOCK,True
2025-12-13,SKU04372,8,0,7,62,30,REORDER REQUIRED,True
2025-12-09,SKU04373,480,0,7,262,96,SUFFICIENT STOCK,False
2025-11-02,SKU04375,116,0,7,84,34,SUFFICIENT STOCK,True
2025-12-11,SKU04377,122,0,7,70,31,SUFFICIENT STOCK,False
2025-11-22,SKU04378,312,0,7,179,54,SUFFICIENT STOCK,False
2025-12-16,SKU04379,114,0,7,144,57,REORDER REQUIRED,True
2025-12-20,SKU04380,72,0,7,54,17,SUFFICIENT STOCK,False
2025-11-06,SKU04381,208,0,7,813,296,REORDER REQUIRED,True
2025-12-01,SKU04383,70,0,7,54,22,SUFFICIENT STOCK,True
2025-12-28,SKU04384,343,0,7,179,60,SUFFICIENT STOCK,False
2025-11-20,SKU04386,14,0,7,27,12,REORDER REQUIRED,True
2025-12-27,SKU04387,449,0,7,182,43,SUFFICIENT STOCK,False
2025-08-31,SKU04388,5379,0,7,1299,416,SUFFICIENT STOCK,False
2025-11-03,SKU04389,233,0,7,93,41,SUFFICIENT STOCK,False
2025-11-16,SKU04391,212,0,7,87,22,SUFFICIENT STOCK,False
2025-12-01,SKU04392,5951,0,7,1424,527,SUFFICIENT STOCK,False
2025-12-05,SKU04394,129,0,7,100,43,SUFFICIENT STOCK,True
2025-12-13,SKU04395,32,0,7,33,7,REORDER REQUIRED,True
2025-12-30,SKU04396,495,0,7,301,107,SUFFICIENT STOCK,False
2025-12-02,SKU04397,58,0,7,66,20,REORDER REQUIRED,True
2025-12-24,SKU04398,636,0,7,418,111,SUFFICIENT STOCK,False
2025-11-25,SKU04400,330,0,7,157,60,SUFFICIENT STOCK,False
2025-12-27,SKU04401,5464,0,7,1274,428,SUFFICIENT STOCK,False
2025-12-08,SKU04402,40,0,7,83,27,REORDER REQUIRED,True
2025-12-26,SKU04403,233,0,7,209,68,SUFFICIENT STOCK,True
2025-12-29,SKU04404,394,0,7,185,44,SUFFICIENT STOCK,False
2025-12-26,SKU04405,54,0,7,148,53,REORDER REQUIRED,True
2025-11-18,SKU04408,16,0,7,24,9,REORDER REQUIRED,True
2025-11-21,SKU04409,7772,0,7,1688,570,SUFFICIENT STOCK,False
2025-12-22,SKU04410,154,0,7,146,53,SUFFICIENT STOCK,True
2025-12-18,SKU04411,333,0,7,236,93,SUFFICIENT STOCK,False
2025-08-31,SKU04412,6871,0,7,1535,546,SUFFICIENT STOCK,False
2025-12-12,SKU04413,270,0,7,144,68,SUFFICIENT STOCK,False
2025-12-02,SKU04414,4789,0,7,1079,365,SUFFICIENT STOCK,False
2025-12-29,SKU04415,453,0,7,240,86,SUFFICIENT STOCK,False
2025-12-10,SKU04416,307,0,7,282,75,SUFFICIENT STOCK,True
2025-12-23,SKU04417,514,0,7,308,129,SUFFICIENT STOCK,False
2025-12-23,SKU04418,304,0,7,174,54,SUFFICIENT STOCK,False
2025-12-29,SKU04419,110,0,7,86,32,SUFFICIENT STOCK,True
2025-12-19,SKU04420,15,0,7,21,6,REORDER REQUIRED,True
2025-12-31,SKU04421,401,0,7,192,57,SUFFICIENT STOCK,False
2025-12-31,SKU04422,220,0,7,207,55,SUFFICIENT STOCK,True
2025-12-09,SKU04424,81,0,7,239,97,REORDER REQUIRED,True
2025-12-24,SKU04425,178,0,7,82,31,SUFFICIENT STOCK,False
2025-12-29,SKU04427,37,0,7,110,47,REORDER REQUIRED,True
2025-12-30,SKU04428,661,0,7,310,109,SUFFICIENT STOCK,False
2025-12-05,SKU04429,20,0,7,58,12,REORDER REQUIRED,True
2025-11-07,SKU04430,139,0,7,48,16,SUFFICIENT STOCK,False
2025-12-31,SKU04431,75,0,7,118,31,REORDER REQUIRED,True
2025-12-11,SKU04432,88,0,7,100,35,REORDER REQUIRED,True
2025-12-15,SKU04433,433,0,7,290,105,SUFFICIENT STOCK,False
2025-11-17,SKU04434,50,0,7,74,24,REORDER REQUIRED,True
2025-11-08,SKU04435,371,0,7,193,74,SUFFICIENT STOCK,False
2025-11-28,SKU04436,133,0,7,163,50,REORDER REQUIRED,True
2025-12-30,SKU04437,49,0,7,37,14,SUFFICIENT STOCK,True
2025-12-02,SKU04438,200,0,7,156,38,SUFFICIENT STOCK,False
2025-11-18,SKU04439,35,0,7,52,13,REORDER REQUIRED,True
2025-12-30,SKU04440,392,0,7,275,96,SUFFICIENT STOCK,False
2025-12-19,SKU04441,81,0,7,89,34,REORDER REQUIRED,True
2025-08-24,SKU04442,6795,0,7,1509,529,SUFFICIENT STOCK,False
2025-08-31,SKU04443,6354,0,7,1373,512,SUFFICIENT STOCK,False
2025-12-15,SKU04445,311,0,7,155,54,SUFFICIENT STOCK,False
2025-12-13,SKU04446,323,0,7,244,78,SUFFICIENT STOCK,False
2025-12-25,SKU04447,351,0,7,145,56,SUFFICIENT STOCK,False
2025-12-29,SKU04448,379,0,7,399,139,REORDER REQUIRED,True
2025-12-11,SKU04449,162,0,7,157,59,SUFFICIENT STOCK,True
2025-12-29,SKU04450,315,0,7,248,96,SUFFICIENT STOCK,True
2025-11-14,SKU04451,26,0,7,27,10,REORDER REQUIRED,True
2025-12-29,SKU04452,328,0,7,351,136,REORDER REQUIRED,True
2025-10-08,SKU04453,0,0,7,843,304,OUT OF STOCK,True
2025-12-21,SKU04454,129,0,7,181,73,REORDER REQUIRED,True
2025-12-29,SKU04455,810,0,7,405,137,SUFFICIENT STOCK,False
2025-12-28,SKU04456,494,0,7,346,102,SUFFICIENT STOCK,False
2025-12-29,SKU04457,315,0,7,179,58,SUFFICIENT STOCK,False
2025-12-25,SKU04458,213,0,7,189,57,SUFFICIENT STOCK,True
2025-11-23,SKU04459,147,0,7,87,41,SUFFICIENT STOCK,False
2025-11-09,SKU04461,137,0,7,96,39,SUFFICIENT STOCK,False
2025-12-24,SKU04462,323,0,7,193,82,SUFFICIENT STOCK,False
2025-12-27,SKU04463,119,0,7,206,72,REORDER REQUIRED,True
2025-12-13,SKU04464,391,0,7,199,73,SUFFICIENT STOCK,False
2025-11-10,SKU04465,52,0,7,25,7,SUFFICIENT STOCK,False
2025-11-20,SKU04466,116,0,7,61,17,SUFFICIENT STOCK,False
2025-12-05,SKU04467,325,0,7,171,52,SUFFICIENT STOCK,False
2025-08-28,SKU04468,5088,0,7,1146,383,SUFFICIENT STOCK,False
2025-12-08,SKU04469,59,0,7,124,35,REORDER REQUIRED,True
2025-12-24,SKU04470,829,0,7,332,133,SUFFICIENT STOCK,False
2025-12-12,SKU04471,63,0,7,52,15,SUFFICIENT STOCK,True
2025-12-29,SKU04472,289,0,7,286,65,SUFFICIENT STOCK,True
2025-12-14,SKU04473,221,0,7,83,19,SUFFICIENT STOCK,False
2025-12-11,SKU04474,403,0,7,173,52,SUFFICIENT STOCK,False
2025-12-21,SKU04475,7927,0,7,1895,653,SUFFICIENT STOCK,False
2025-10-12,SKU04476,0,0,7,678,249,OUT OF STOCK,True
2025-12-30,SKU04477,134,0,7,73,18,SUFFICIENT STOCK,False
2025-12-27,SKU04478,7,0,7,115,35,REORDER REQUIRED,True
2025-11-22,SKU04479,355,0,7,151,69,SUFFICIENT STOCK,False
2025-12-20,SKU04480,115,0,7,84,30,SUFFICIENT STOCK,False
2025-12-29,SKU04481,581,0,7,319,139,SUFFICIENT STOCK,False
2025-12-31,SKU04482,144,0,7,186,64,REORDER REQUIRED,True
2025-12-15,SKU04483,491,0,7,283,111,SUFFICIENT STOCK,False
2025-12-16,SKU04484,261,0,7,93,36,SUFFICIENT STOCK,False
2025-12-11,SKU04485,33,0,7,79,23,REORDER REQUIRED,True
2025-12-30,SKU04486,431,0,7,240,84,SUFFICIENT STOCK,False
2025-11-06,SKU04487,8,0,7,27,8,REORDER REQUIRED,True
2025-12-18,SKU04488,460,0,7,250,73,SUFFICIENT STOCK,False
2025-11-22,SKU04489,60,0,7,728,259,REORDER REQUIRED,True
2025-12-27,SKU04490,131,0,7,142,70,REORDER REQUIRED,True
2025-11-12,SKU04491,7041,0,7,1560,543,SUFFICIENT STOCK,False
2025-11-17,SKU04492,24,0,7,70,34,REORDER REQUIRED,True
2025-12-07,SKU04493,510,0,7,305,108,SUFFICIENT STOCK,False
2025-11-28,SKU04494,379,0,7,220,86,SUFFICIENT STOCK,False
2025-12-23,SKU04495,488,0,7,261,118,SUFFICIENT STOCK,False
2025-12-18,SKU04497,4,0,7,80,22,REORDER REQUIRED,True
2025-12-14,SKU04498,342,0,7,192,68,SUFFICIENT STOCK,False
2025-12-30,SKU04499,376,0,7,164,57,SUFFICIENT STOCK,False
2025-12-05,SKU04500,214,0,7,154,60,SUFFICIENT STOCK,False
2025-12-29,SKU04501,198,0,7,142,39,SUFFICIENT STOCK,False
2025-11-06,SKU04502,65,0,7,71,25,REORDER REQUIRED,True
2025-12-13,SKU04503,375,0,7,175,71,SUFFICIENT STOCK,False
2025-11-20,SKU04504,3152,0,7,867,277,SUFFICIENT STOCK,False
2025-08-31,SKU04505,7727,0,7,1687,623,SUFFICIENT STOCK,False
2025-12-14,SKU04506,595,0,7,408,155,SUFFICIENT STOCK,False
2025-11-11,SKU04507,78,0,7,52,19,SUFFICIENT STOCK,False
2025-12-12,SKU04508,3,0,7,777,260,REORDER REQUIRED,True
2025-12-24,SKU04509,258,0,7,258,81,REORDER REQUIRED,True
2025-12-31,SKU04510,224,0,7,109,40,SUFFICIENT STOCK,False
2025-12-06,SKU04511,501,0,7,277,103,SUFFICIENT STOCK,False
2025-12-27,SKU04512,153,0,7,102,41,SUFFICIENT STOCK,False
2025-12-20,SKU04513,207,0,7,203,86,SUFFICIENT STOCK,True
2025-12-12,SKU04515,208,0,7,188,76,SUFFICIENT STOCK,True
2025-12-31,SKU04516,721,0,7,404,151,SUFFICIENT STOCK,False
2025-11-19,SKU04517,33,0,7,54,14,REORDER REQUIRED,True
2025-12-31,SKU04518,349,0,7,190,68,SUFFICIENT STOCK,False
2025-12-26,SKU04519,272,0,7,212,50,SUFFICIENT STOCK,False
2025-11-20,SKU04520,37,0,7,29,7,SUFFICIENT STOCK,False
2025-12-27,SKU04521,479,0,7,389,145,SUFFICIENT STOCK,True
2025-12-22,SKU04522,470,0,7,215,94,SUFFICIENT STOCK,False
2025-12-09,SKU04523,447,0,7,196,70,SUFFICIENT STOCK,False
2025-12-17,SKU04524,5,0,7,74,35,REORDER REQUIRED,True
2025-12-28,SKU04525,215,0,7,149,41,SUFFICIENT STOCK,False
2025-11-13,SKU04526,8169,0,7,1797,619,SUFFICIENT STOCK,False
2025-12-13,SKU04527,345,0,7,295,104,SUFFICIENT STOCK,True
2025-12-10,SKU04528,77,0,7,87,26,REORDER REQUIRED,True
2025-12-27,SKU04530,296,0,7,147,40,SUFFICIENT STOCK,False
2025-12-18,SKU04531,12,0,7,25,5,REORDER REQUIRED,True
2025-12-14,SKU04532,7171,0,7,1527,521,SUFFICIENT STOCK,False
2025-12-23,SKU04533,165,0,7,186,53,REORDER REQUIRED,True
2025-12-31,SKU04535,142,0,7,106,35,SUFFICIENT STOCK,False
2025-12-16,SKU04536,6,0,7,29,10,REORDER REQUIRED,True
2025-11-24,SKU04538,233,0,7,144,41,SUFFICIENT STOCK,False
2025-12-11,SKU04539,229,0,7,150,54,SUFFICIENT STOCK,False
2025-12-17,SKU04540,497,0,7,231,72,SUFFICIENT STOCK,False
2025-12-26,SKU04541,133,0,7,80,24,SUFFICIENT STOCK,False
2025-12-17,SKU04542,361,0,7,198,75,SUFFICIENT STOCK,False
2025-12-31,SKU04543,806,0,7,462,170,SUFFICIENT STOCK,False
2025-12-22,SKU04544,297,0,7,204,80,SUFFICIENT STOCK,False
2025-12-21,SKU04546,186,0,7,67,23,SUFFICIENT STOCK,False
2025-12-03,SKU04548,3,0,7,41,10,REORDER REQUIRED,True
2025-12-15,SKU04549,42,0,7,24,9,SUFFICIENT STOCK,False
2025-11-15,SKU04550,21,0,7,126,32,REORDER REQUIRED,True
2025-11-16,SKU04551,93,0,7,1258,479,REORDER REQUIRED,True
2025-12-24,SKU04552,308,0,7,136,44,SUFFICIENT STOCK,False
2025-11-07,SKU04553,243,0,7,186,82,SUFFICIENT STOCK,True
2025-08-31,SKU04554,6258,0,7,1373,494,SUFFICIENT STOCK,False
2025-12-27,SKU04555,35,0,7,58,14,REORDER REQUIRED,True
2025-12-03,SKU04556,225,0,7,146,63,SUFFICIENT STOCK,False
2025-12-30,SKU04557,166,0,7,100,30,SUFFICIENT STOCK,False
2025-12-26,SKU04558,97,0,7,45,15,SUFFICIENT STOCK,False
2025-12-10,SKU04559,70,0,7,32,7,SUFFICIENT STOCK,False
2025-12-10,SKU04560,718,0,7,406,157,SUFFICIENT STOCK,False
2025-12-01,SKU04561,176,0,7,87,37,SUFFICIENT STOCK,False
2025-12-07,SKU04562,13,0,7,700,254,REORDER REQUIRED,True
2025-12-19,SKU04563,412,0,7,197,67,SUFFICIENT STOCK,False
2025-12-31,SKU04564,437,0,7,302,139,SUFFICIENT STOCK,True
2025-12-24,SKU04565,34,0,7,50,11,REORDER REQUIRED,True
2025-12-20,SKU04566,550,0,7,423,124,SUFFICIENT STOCK,False
2025-12-17,SKU04567,224,0,7,199,62,SUFFICIENT STOCK,True
2025-12-20,SKU04568,174,0,7,168,44,SUFFICIENT STOCK,True
2025-11-18,SKU04569,210,0,7,75,36,SUFFICIENT STOCK,False
2025-12-25,SKU04570,342,0,7,245,75,SUFFICIENT STOCK,False
2025-12-21,SKU04571,664,0,7,1248,406,REORDER REQUIRED,True
2025-12-07,SKU04572,257,0,7,228,64,SUFFICIENT STOCK,True
2025-12-01,SKU04573,70,0,7,189,66,REORDER REQUIRED,True
2025-11-15,SKU04574,19,0,7,705,214,REORDER REQUIRED,True
2025-11-19,SKU04575,61,0,7,63,21,REORDER REQUIRED,True
2025-11-10,SKU04577,78,0,7,36,16,SUFFICIENT STOCK,False
2025-12-08,SKU04578,430,0,7,196,56,SUFFICIENT STOCK,False
2025-12-22,SKU04579,45,0,7,56,14,REORDER REQUIRED,True
2025-12-15,SKU04580,6555,0,7,1589,582,SUFFICIENT STOCK,False
2025-12-30,SKU04581,381,0,7,194,71,SUFFICIENT STOCK,False
2025-12-09,SKU04582,164,0,7,133,61,SUFFICIENT STOCK,True
2025-12-14,SKU04583,253,0,7,148,47,SUFFICIENT STOCK,False
2025-12-10,SKU04584,425,0,7,219,76,SUFFICIENT STOCK,False
2025-12-08,SKU04585,94,0,7,191,73,REORDER REQUIRED,True
2025-12-19,SKU04586,173,0,7,104,44,SUFFICIENT STOCK,False
2025-12-05,SKU04587,34,0,7,60,14,REORDER REQUIRED,True
2025-12-31,SKU04588,158,0,7,94,36,SUFFICIENT STOCK,False
2025-12-15,SKU04589,366,0,7,232,79,SUFFICIENT STOCK,False
2025-11-16,SKU04591,7049,0,7,1500,523,SUFFICIENT STOCK,False
2025-12-04,SKU04592,378,0,7,198,53,SUFFICIENT STOCK,False
2025-12-29,SKU04593,460,0,7,314,106,SUFFICIENT STOCK,False
2025-12-05,SKU04595,131,0,7,44,18,SUFFICIENT STOCK,False
2025-12-01,SKU04596,72,0,7,708,269,REORDER REQUIRED,True
2025-12-03,SKU04597,442,0,7,182,44,SUFFICIENT STOCK,False
2025-11-26,SKU04598,156,0,7,150,55,SUFFICIENT STOCK,True
2025-12-05,SKU04601,345,0,7,259,109,SUFFICIENT STOCK,True
2025-12-31,SKU04602,362,0,7,136,42,SUFFICIENT STOCK,False
2025-12-20,SKU04603,65,0,7,55,18,SUFFICIENT STOCK,True
2025-11-20,SKU04604,333,0,7,226,68,SUFFICIENT STOCK,False
2025-12-13,SKU04605,4588,0,7,1218,406,SUFFICIENT STOCK,False
2025-11-16,SKU04607,3883,0,7,921,313,SUFFICIENT STOCK,False
2025-11-13,SKU04608,9,0,7,87,40,REORDER REQUIRED,True
2025-12-09,SKU04609,219,0,7,205,66,SUFFICIENT STOCK,True
2025-12-14,SKU04610,212,0,7,154,60,SUFFICIENT STOCK,True
2025-12-05,SKU04611,116,0,7,128,53,REORDER REQUIRED,True
2025-08-27,SKU04612,6072,0,7,1273,475,SUFFICIENT STOCK,False
2025-12-30,SKU04613,359,0,7,188,79,SUFFICIENT STOCK,False
2025-12-22,SKU04614,356,0,7,276,70,SUFFICIENT STOCK,False
2025-12-30,SKU04615,144,0,7,205,57,REORDER REQUIRED,True
2025-12-24,SKU04616,193,0,7,162,47,SUFFICIENT STOCK,True
2025-12-25,SKU04617,71,0,7,70,30,SUFFICIENT STOCK,True
2025-12-19,SKU04618,62,0,7,50,18,SUFFICIENT STOCK,True
2025-12-26,SKU04620,17,0,7,24,8,REORDER REQUIRED,True
2025-11-09,SKU04623,200,0,7,73,20,SUFFICIENT STOCK,False
2025-12-29,SKU04625,86,0,7,84,20,SUFFICIENT STOCK,True
2025-12-12,SKU04626,339,0,7,774,299,REORDER REQUIRED,True
2025-10-06,SKU04627,0,0,7,544,176,OUT OF STOCK,True
2025-12-30,SKU04628,318,0,7,178,65,SUFFICIENT STOCK,False
2025-11-04,SKU04629,162,0,7,98,45,SUFFICIENT STOCK,False
2025-12-28,SKU04630,7,0,7,23,6,REORDER REQUIRED,True
2025-11-11,SKU04632,43,0,7,140,53,REORDER REQUIRED,True
2025-10-12,SKU04633,0,0,7,711,235,OUT OF STOCK,True
2025-11-04,SKU04634,35,0,7,42,12,REORDER REQUIRED,True
2025-12-25,SKU04635,88,0,7,67,28,SUFFICIENT STOCK,True
2025-12-14,SKU04636,90,0,7,55,12,SUFFICIENT STOCK,False
2025-12-28,SKU04637,115,0,7,129,33,REORDER REQUIRED,True
2025-12-06,SKU04638,205,0,7,180,55,SUFFICIENT STOCK,True
2025-12-22,SKU04639,61,0,7,75,21,REORDER REQUIRED,True
2025-12-27,SKU04640,60,0,7,29,8,SUFFICIENT STOCK,False
2025-12-24,SKU04641,7392,0,7,1675,590,SUFFICIENT STOCK,False
2025-12-23,SKU04642,356,0,7,162,52,SUFFICIENT STOCK,False
2025-09-02,SKU04643,6913,0,7,1505,567,SUFFICIENT STOCK,False
2025-11-14,SKU04644,110,0,7,48,23,SUFFICIENT STOCK,False
2025-12-31,SKU04645,338,0,7,159,59,SUFFICIENT STOCK,False
2025-12-23,SKU04646,6,0,7,470,161,REORDER REQUIRED,True
2025-12-29,SKU04648,103,0,7,133,46,REORDER REQUIRED,True
2025-12-29,SKU04649,10,0,7,38,9,REORDER REQUIRED,True
2025-12-27,SKU04650,310,0,7,124,45,SUFFICIENT STOCK,False
2025-12-12,SKU04651,53,0,7,34,8,SUFFICIENT STOCK,False
2025-08-19,SKU04652,6491,0,7,1488,472,SUFFICIENT STOCK,False
2025-08-27,SKU04653,5354,0,7,1196,410,SUFFICIENT STOCK,False
2025-08-26,SKU04654,6277,0,7,1529,544,SUFFICIENT STOCK,False
2025-12-11,SKU04657,201,0,7,114,41,SUFFICIENT STOCK,False
2025-11-23,SKU04659,167,0,7,82,27,SUFFICIENT STOCK,False
2025-12-15,SKU04660,42,0,7,68,14,REORDER REQUIRED,True
2025-11-07,SKU04661,262,0,7,91,33,SUFFICIENT STOCK,False
2025-12-31,SKU04662,26,0,7,33,15,REORDER REQUIRED,True
2025-09-30,SKU04663,0,0,7,1222,377,OUT OF STOCK,True
2025-12-25,SKU04664,248,0,7,157,67,SUFFICIENT STOCK,False
2025-08-24,SKU04665,6681,0,7,1529,518,SUFFICIENT STOCK,False
2025-11-10,SKU04667,30,0,7,34,16,REORDER REQUIRED,True
2025-12-13,SKU04668,254,0,7,98,33,SUFFICIENT STOCK,False
2025-11-27,SKU04669,27,0,7,35,17,REORDER REQUIRED,True
2025-12-28,SKU04670,120,0,7,74,28,SUFFICIENT STOCK,False
2025-11-30,SKU04671,307,0,7,153,55,SUFFICIENT STOCK,False
2025-12-28,SKU04672,65,0,7,171,58,REORDER REQUIRED,True
2025-12-17,SKU04673,287,0,7,119,32,SUFFICIENT STOCK,False
2025-12-29,SKU04674,355,0,7,220,82,SUFFICIENT STOCK,False
2025-12-10,SKU04675,245,0,7,178,57,SUFFICIENT STOCK,False
2025-12-29,SKU04676,133,0,7,116,52,SUFFICIENT STOCK,True
2025-11-17,SKU04677,293,0,7,98,30,SUFFICIENT STOCK,False
2025-12-27,SKU04678,264,0,7,139,45,SUFFICIENT STOCK,False
2025-08-30,SKU04679,8255,0,7,1775,628,SUFFICIENT STOCK,False
2025-12-20,SKU04680,83,0,7,142,41,REORDER REQUIRED,True
2025-11-25,SKU04681,136,0,7,109,45,SUFFICIENT STOCK,True
2025-12-22,SKU04682,78,0,7,129,46,REORDER REQUIRED,True
2025-12-29,SKU04683,233,0,7,159,55,SUFFICIENT STOCK,False
2025-12-30,SKU04684,336,0,7,287,91,SUFFICIENT STOCK,True
2025-12-14,SKU04685,145,0,7,142,43,SUFFICIENT STOCK,True
2025-12-11,SKU04686,93,0,7,72,36,SUFFICIENT STOCK,True
2025-12-11,SKU04688,408,0,7,237,95,SUFFICIENT STOCK,False
2025-09-01,SKU04690,8332,0,7,1741,645,SUFFICIENT STOCK,False
2025-12-24,SKU04692,61,0,7,88,33,REORDER REQUIRED,True
2025-08-24,SKU04693,5974,0,7,1372,466,SUFFICIENT STOCK,False
2025-12-08,SKU04694,110,0,7,66,31,SUFFICIENT STOCK,False
2025-12-06,SKU04695,120,0,7,127,48,REORDER REQUIRED,True
2025-12-31,SKU04698,608,0,7,360,133,SUFFICIENT STOCK,False
2025-12-21,SKU04699,469,0,7,300,96,SUFFICIENT STOCK,False
2025-12-24,SKU04700,47,0,7,86,21,REORDER REQUIRED,True
2025-12-29,SKU04701,190,0,7,86,35,SUFFICIENT STOCK,False
2025-12-25,SKU04702,510,0,7,193,42,SUFFICIENT STOCK,False
2025-12-24,SKU04703,137,0,7,283,93,REORDER REQUIRED,True
2025-12-02,SKU04704,275,0,7,150,37,SUFFICIENT STOCK,False
2025-12-11,SKU04705,70,0,7,53,23,SUFFICIENT STOCK,True
2025-12-31,SKU04706,3539,0,7,873,316,SUFFICIENT STOCK,False
2025-12-06,SKU04707,122,0,7,144,46,REORDER REQUIRED,True
2025-12-29,SKU04708,204,0,7,118,31,SUFFICIENT STOCK,False
2025-11-10,SKU04709,163,0,7,87,22,SUFFICIENT STOCK,False
2025-12-17,SKU04710,558,0,7,979,372,REORDER REQUIRED,True
2025-12-22,SKU04711,500,0,7,274,93,SUFFICIENT STOCK,False
2025-11-24,SKU04712,360,0,7,193,68,SUFFICIENT STOCK,False
2025-12-17,SKU04713,149,0,7,100,36,SUFFICIENT STOCK,False
2025-12-18,SKU04715,25,0,7,27,9,REORDER REQUIRED,True
2025-12-26,SKU04716,64,0,7,102,45,REORDER REQUIRED,True
2025-11-19,SKU04717,5576,0,7,1267,421,SUFFICIENT STOCK,False
2025-11-22,SKU04718,177,0,7,139,37,SUFFICIENT STOCK,False
2025-12-16,SKU04719,239,0,7,101,27,SUFFICIENT STOCK,False
2025-12-09,SKU04720,235,0,7,88,26,SUFFICIENT STOCK,False
2025-12-01,SKU04721,286,0,7,151,49,SUFFICIENT STOCK,False
2025-12-31,SKU04722,426,0,7,244,70,SUFFICIENT STOCK,False
2025-12-11,SKU04723,353,0,7,156,54,SUFFICIENT STOCK,False
2025-12-24,SKU04724,190,0,7,120,44,SUFFICIENT STOCK,False
2025-12-18,SKU04726,7465,0,7,1624,521,SUFFICIENT STOCK,False
2025-12-06,SKU04727,125,0,7,72,18,SUFFICIENT STOCK,False
2025-11-29,SKU04728,480,0,7,249,101,SUFFICIENT STOCK,False
2025-08-28,SKU04729,6517,0,7,1463,488,SUFFICIENT STOCK,False
2025-12-26,SKU04731,716,0,7,339,122,SUFFICIENT STOCK,False
2025-12-29,SKU04732,339,0,7,309,90,SUFFICIENT STOCK,True
2025-12-21,SKU04733,315,0,7,208,72,SUFFICIENT STOCK,False
2025-12-28,SKU04734,201,0,7,80,31,SUFFICIENT STOCK,False
2025-12-31,SKU04735,88,0,7,59,17,SUFFICIENT STOCK,False
2025-12-10,SKU04736,402,0,7,162,68,SUFFICIENT STOCK,False
2025-12-09,SKU04737,141,0,7,58,12,SUFFICIENT STOCK,False
2025-11-05,SKU04738,69,0,7,48,22,SUFFICIENT STOCK,True
2025-12-29,SKU04739,105,0,7,189,49,REORDER REQUIRED,True
2025-11-14,SKU04740,13,0,7,30,11,REORDER REQUIRED,True
2025-08-16,SKU04741,4650,0,7,1048,330,SUFFICIENT STOCK,False
2025-12-28,SKU04742,516,0,7,328,112,SUFFICIENT STOCK,False
2025-12-21,SKU04743,518,0,7,281,117,SUFFICIENT STOCK,False
2025-12-20,SKU04745,192,0,7,147,72,SUFFICIENT STOCK,True
2025-11-17,SKU04746,101,0,7,81,37,SUFFICIENT STOCK,True
2025-08-21,SKU04747,7333,0,7,1707,604,SUFFICIENT STOCK,False
2025-11-22,SKU04748,53,0,7,23,7,SUFFICIENT STOCK,False
2025-11-28,SKU04749,232,0,7,129,40,SUFFICIENT STOCK,False
2025-12-24,SKU04750,128,0,7,180,78,REORDER REQUIRED,True
2025-12-11,SKU04751,145,0,7,117,55,SUFFICIENT STOCK,True
2025-12-10,SKU04752,59,0,7,60,18,REORDER REQUIRED,True
2025-11-29,SKU04753,4905,0,7,1091,352,SUFFICIENT STOCK,False
2025-12-13,SKU04754,135,0,7,94,26,SUFFICIENT STOCK,False
2025-11-21,SKU04755,217,0,7,155,51,SUFFICIENT STOCK,False
2025-10-12,SKU04756,0,0,7,644,202,OUT OF STOCK,True
2025-11-25,SKU04757,129,0,7,88,30,SUFFICIENT STOCK,False
2025-12-19,SKU04758,123,0,7,52,16,SUFFICIENT STOCK,False
2025-11-16,SKU04759,195,0,7,152,52,SUFFICIENT STOCK,True
2025-11-12,SKU04760,46,0,7,57,13,REORDER REQUIRED,True
2025-12-02,SKU04761,161,0,7,109,37,SUFFICIENT STOCK,False
2025-12-03,SKU04762,136,0,7,65,22,SUFFICIENT STOCK,False
2025-12-26,SKU04763,293,0,7,171,62,SUFFICIENT STOCK,False
2025-12-20,SKU04764,198,0,7,156,71,SUFFICIENT STOCK,True
2025-12-15,SKU04765,202,0,7,168,39,SUFFICIENT STOCK,True
2025-12-09,SKU04766,6,0,7,69,15,REORDER REQUIRED,True
2025-12-09,SKU04767,350,0,7,133,57,SUFFICIENT STOCK,False
2025-08-23,SKU04768,7103,0,7,1556,538,SUFFICIENT STOCK,False
2025-12-18,SKU04770,179,0,7,130,30,SUFFICIENT STOCK,False
2025-08-25,SKU04771,5701,0,7,1350,452,SUFFICIENT STOCK,False
2025-12-25,SKU04772,123,0,7,149,38,REORDER REQUIRED,True
2025-11-18,SKU04773,7,0,7,25,9,REORDER REQUIRED,True
2025-12-15,SKU04774,226,0,7,195,59,SUFFICIENT STOCK,True
2025-11-26,SKU04775,525,0,7,342,123,SUFFICIENT STOCK,False
2025-12-31,SKU04776,631,0,7,237,80,SUFFICIENT STOCK,False
2025-12-06,SKU04777,59,0,7,137,60,REORDER REQUIRED,True
2025-12-09,SKU04778,101,0,7,143,51,REORDER REQUIRED,True
2025-12-28,SKU04779,235,0,7,114,49,SUFFICIENT STOCK,False
2025-12-25,SKU04781,561,0,7,217,67,SUFFICIENT STOCK,False
2025-12-11,SKU04783,175,0,7,1179,431,REORDER REQUIRED,True
2025-12-30,SKU04784,207,0,7,71,31,SUFFICIENT STOCK,False
2025-12-04,SKU04785,82,0,7,65,19,SUFFICIENT STOCK,True
2025-11-11,SKU04786,13,0,7,68,22,REORDER REQUIRED,True
2025-12-23,SKU04787,566,0,7,278,104,SUFFICIENT STOCK,False
2025-12-25,SKU04788,234,0,7,99,29,SUFFICIENT STOCK,False
2025-12-18,SKU04789,228,0,7,96,32,SUFFICIENT STOCK,False
2025-12-29,SKU04790,37,0,7,59,12,REORDER REQUIRED,True
2025-11-15,SKU04791,6763,0,7,1525,558,SUFFICIENT STOCK,False
2025-12-18,SKU04792,522,0,7,314,117,SUFFICIENT STOCK,False
2025-12-20,SKU04794,481,0,7,196,92,SUFFICIENT STOCK,False
2025-08-26,SKU04795,5328,0,7,1184,430,SUFFICIENT STOCK,False
2025-12-14,SKU04796,404,0,7,409,142,REORDER REQUIRED,True
2025-12-24,SKU04797,4377,0,7,984,349,SUFFICIENT STOCK,False
2025-11-28,SKU04798,1,0,7,33,12,REORDER REQUIRED,True
2025-11-23,SKU04800,20,0,7,66,32,REORDER REQUIRED,True
2025-11-30,SKU04801,297,0,7,142,51,SUFFICIENT STOCK,False
2025-11-29,SKU04802,280,0,7,132,47,SUFFICIENT STOCK,False
2025-12-11,SKU04803,309,0,7,131,58,SUFFICIENT STOCK,False
2025-12-13,SKU04804,73,0,7,35,16,SUFFICIENT STOCK,False
2025-12-09,SKU04805,464,0,7,212,78,SUFFICIENT STOCK,False
2025-11-28,SKU04806,106,0,7,36,12,SUFFICIENT STOCK,False
2025-12-25,SKU04807,223,0,7,120,53,SUFFICIENT STOCK,False
2025-12-09,SKU04808,377,0,7,213,81,SUFFICIENT STOCK,False
2025-12-30,SKU04809,231,0,7,127,45,SUFFICIENT STOCK,False
2025-12-16,SKU04810,246,0,7,201,64,SUFFICIENT STOCK,True
2025-12-13,SKU04811,285,0,7,259,109,SUFFICIENT STOCK,True
2025-12-14,SKU04812,72,0,7,36,17,SUFFICIENT STOCK,False
2025-11-13,SKU04814,207,0,7,104,38,SUFFICIENT STOCK,False
2025-12-29,SKU04815,203,0,7,125,48,SUFFICIENT STOCK,False
2025-11-15,SKU04816,58,0,7,30,14,SUFFICIENT STOCK,False
2025-12-26,SKU04817,261,0,7,120,51,SUFFICIENT STOCK,False
2025-11-30,SKU04818,144,0,7,70,19,SUFFICIENT STOCK,False
2025-11-17,SKU04819,59,0,7,28,9,SUFFICIENT STOCK,False
2025-11-07,SKU04820,2,0,7,81,17,REORDER REQUIRED,True
2025-12-11,SKU04821,99,0,7,202,65,REORDER REQUIRED,True
2025-12-25,SKU04822,81,0,7,128,32,REORDER REQUIRED,True
2025-12-30,SKU04823,13,0,7,31,7,REORDER REQUIRED,True
2025-10-04,SKU04824,0,0,7,954,338,OUT OF STOCK,True
2025-12-04,SKU04825,36,0,7,93,39,REORDER REQUIRED,True
2025-12-29,SKU04826,119,0,7,69,20,SUFFICIENT STOCK,False
2025-12-18,SKU04828,207,0,7,183,66,SUFFICIENT STOCK,True
2025-11-30,SKU04829,286,0,7,156,67,SUFFICIENT STOCK,False
2025-12-20,SKU04830,10,0,7,29,14,REORDER REQUIRED,True
2025-08-31,SKU04831,8159,0,7,1864,634,SUFFICIENT STOCK,False
2025-12-21,SKU04832,219,0,7,197,61,SUFFICIENT STOCK,True
2025-12-11,SKU04833,369,0,7,230,97,SUFFICIENT STOCK,False
2025-11-21,SKU04836,329,0,7,266,102,SUFFICIENT STOCK,True
2025-11-23,SKU04837,98,0,7,117,48,REORDER REQUIRED,True
2025-12-26,SKU04838,518,0,7,253,89,SUFFICIENT STOCK,False
2025-12-13,SKU04839,35,0,7,43,21,REORDER REQUIRED,True
2025-11-11,SKU04840,156,0,7,81,20,SUFFICIENT STOCK,False
2025-12-21,SKU04841,265,0,7,158,61,SUFFICIENT STOCK,False
2025-12-21,SKU04842,89,0,7,92,36,REORDER REQUIRED,True
2025-11-14,SKU04843,141,0,7,65,30,SUFFICIENT STOCK,False
2025-12-09,SKU04844,176,0,7,141,62,SUFFICIENT STOCK,True
2025-12-18,SKU04845,360,0,7,181,65,SUFFICIENT STOCK,False
2025-11-15,SKU04846,66,0,7,39,13,SUFFICIENT STOCK,False
2025-11-23,SKU04847,199,0,7,1009,358,REORDER REQUIRED,True
2025-11-21,SKU04848,20,0,7,21,5,REORDER REQUIRED,True
2025-11-02,SKU04849,6698,0,7,1544,529,SUFFICIENT STOCK,False
2025-12-30,SKU04850,428,0,7,217,56,SUFFICIENT STOCK,False
2025-11-16,SKU04851,44,0,7,33,8,SUFFICIENT STOCK,False
2025-12-15,SKU04852,311,0,7,167,51,SUFFICIENT STOCK,False
2025-12-30,SKU04853,323,0,7,145,43,SUFFICIENT STOCK,False
2025-08-31,SKU04854,5340,0,7,1228,391,SUFFICIENT STOCK,False
2025-12-11,SKU04855,283,0,7,143,53,SUFFICIENT STOCK,False
2025-08-26,SKU04856,6934,0,7,1506,548,SUFFICIENT STOCK,False
2025-12-22,SKU04857,200,0,7,72,19,SUFFICIENT STOCK,False
2025-11-19,SKU04858,217,0,7,86,28,SUFFICIENT STOCK,False
2025-12-24,SKU04859,164,0,7,120,36,SUFFICIENT STOCK,False
2025-12-27,SKU04861,157,0,7,78,28,SUFFICIENT STOCK,False
2025-12-29,SKU04862,335,0,7,187,66,SUFFICIENT STOCK,False
2025-12-01,SKU04864,63,0,7,28,14,SUFFICIENT STOCK,False
2025-12-30,SKU04865,306,0,7,289,103,SUFFICIENT STOCK,True
2025-12-01,SKU04866,308,0,7,168,58,SUFFICIENT STOCK,False
2025-11-30,SKU04867,99,0,7,57,15,SUFFICIENT STOCK,False
2025-12-15,SKU04868,44,0,7,23,6,SUFFICIENT STOCK,False
2025-11-25,SKU04869,96,0,7,71,23,SUFFICIENT STOCK,False
2025-12-05,SKU04871,1,0,7,93,29,REORDER REQUIRED,True
2025-12-21,SKU04872,192,0,7,168,59,SUFFICIENT STOCK,True
2025-12-18,SKU04873,49,0,7,78,27,REORDER REQUIRED,True
2025-11-08,SKU04874,64,0,7,35,10,SUFFICIENT STOCK,False
2025-11-28,SKU04876,150,0,7,184,54,REORDER REQUIRED,True
2025-12-12,SKU04877,108,0,7,72,35,SUFFICIENT STOCK,False
2025-12-30,SKU04878,182,0,7,113,46,SUFFICIENT STOCK,False
2025-08-18,SKU04879,5020,0,7,1000,342,SUFFICIENT STOCK,False
2025-12-05,SKU04880,99,0,7,110,25,REORDER REQUIRED,True
2025-12-27,SKU04881,97,0,7,105,29,REORDER REQUIRED,True
2025-12-26,SKU04882,157,0,7,128,38,SUFFICIENT STOCK,True
2025-12-19,SKU04883,156,0,7,81,31,SUFFICIENT STOCK,False
2025-12-11,SKU04884,208,0,7,93,44,SUFFICIENT STOCK,False
2025-12-29,SKU04885,427,0,7,351,132,SUFFICIENT STOCK,True
2025-12-28,SKU04886,311,0,7,178,59,SUFFICIENT STOCK,False
2025-12-12,SKU04887,7218,0,7,1486,539,SUFFICIENT STOCK,False
2025-08-30,SKU04888,4630,0,7,990,376,SUFFICIENT STOCK,False
2025-12-21,SKU04889,312,0,7,173,73,SUFFICIENT STOCK,False
2025-12-02,SKU04891,176,0,7,100,41,SUFFICIENT STOCK,False
2025-12-04,SKU04892,288,0,7,247,84,SUFFICIENT STOCK,True
2025-12-05,SKU04893,162,0,7,67,25,SUFFICIENT STOCK,False
2025-08-26,SKU04894,5830,0,7,1323,454,SUFFICIENT STOCK,False
2025-12-01,SKU04895,2,0,7,34,8,REORDER REQUIRED,True
2025-11-28,SKU04896,247,0,7,197,79,SUFFICIENT STOCK,True
2025-11-29,SKU04897,26,0,7,65,16,REORDER REQUIRED,True
2025-11-29,SKU04899,153,0,7,177,53,REORDER REQUIRED,True
2025-11-30,SKU04900,172,0,7,223,77,REORDER REQUIRED,True
2025-12-04,SKU04901,6674,0,7,1586,583,SUFFICIENT STOCK,False
2025-09-02,SKU04902,8193,0,7,1844,653,SUFFICIENT STOCK,False
2025-12-23,SKU04903,219,0,7,226,70,REORDER REQUIRED,True
2025-12-30,SKU04904,233,0,7,119,39,SUFFICIENT STOCK,False
2025-08-30,SKU04905,7113,0,7,1543,536,SUFFICIENT STOCK,False
2025-12-20,SKU04906,471,0,7,237,86,SUFFICIENT STOCK,False
2025-12-13,SKU04907,247,0,7,100,35,SUFFICIENT STOCK,False
2025-12-14,SKU04908,44,0,7,22,6,SUFFICIENT STOCK,False
2025-12-07,SKU04909,93,0,7,50,23,SUFFICIENT STOCK,False
2025-12-11,SKU04910,17,0,7,36,7,REORDER REQUIRED,True
2025-11-07,SKU04911,24,0,7,80,21,REORDER REQUIRED,True
2025-12-02,SKU04912,223,0,7,124,50,SUFFICIENT STOCK,False
2025-12-09,SKU04913,140,0,7,1091,373,REORDER REQUIRED,True
2025-12-27,SKU04914,124,0,7,114,41,SUFFICIENT STOCK,True
2025-12-20,SKU04916,552,0,7,282,104,SUFFICIENT STOCK,False
2025-12-30,SKU04917,94,0,7,148,44,REORDER REQUIRED,True
2025-12-06,SKU04918,198,0,7,104,38,SUFFICIENT STOCK,False
2025-08-31,SKU04919,7085,0,7,1595,504,SUFFICIENT STOCK,False
2025-12-22,SKU04920,394,0,7,153,55,SUFFICIENT STOCK,False
2025-11-09,SKU04922,47,0,7,51,21,REORDER REQUIRED,True
2025-12-25,SKU04923,529,0,7,260,86,SUFFICIENT STOCK,False
2025-11-28,SKU04924,69,0,7,65,20,SUFFICIENT STOCK,True
2025-12-11,SKU04925,20,0,7,96,33,REORDER REQUIRED,True
2025-10-12,SKU04926,0,0,7,1054,356,OUT OF STOCK,True
2025-12-07,SKU04927,155,0,7,97,29,SUFFICIENT STOCK,False
2025-11-08,SKU04928,34,0,7,70,25,REORDER REQUIRED,True
2025-12-27,SKU04929,370,0,7,176,58,SUFFICIENT STOCK,False
2025-12-15,SKU04930,216,0,7,73,34,SUFFICIENT STOCK,False
2025-12-19,SKU04931,30,0,7,24,10,SUFFICIENT STOCK,True
2025-12-16,SKU04932,100,0,7,159,45,REORDER REQUIRED,True
2025-12-25,SKU04934,58,0,7,27,12,SUFFICIENT STOCK,False
2025-12-27,SKU04935,156,0,7,102,37,SUFFICIENT STOCK,False
2025-12-02,SKU04936,407,0,7,168,71,SUFFICIENT STOCK,False
2025-11-11,SKU04937,38,0,7,27,6,SUFFICIENT STOCK,False
2025-12-23,SKU04938,123,0,7,82,30,SUFFICIENT STOCK,False
2025-12-01,SKU04939,34,0,7,28,13,SUFFICIENT STOCK,True
2025-12-02,SKU04940,235,0,7,146,42,SUFFICIENT STOCK,False
2025-08-31,SKU04941,5792,0,7,1118,380,SUFFICIENT STOCK,False
2025-11-15,SKU04942,213,0,7,86,24,SUFFICIENT STOCK,False
2025-12-25,SKU04943,342,0,7,224,65,SUFFICIENT STOCK,False
2025-12-30,SKU04944,128,0,7,134,45,REORDER REQUIRED,True
2025-09-02,SKU04945,4382,0,7,926,320,SUFFICIENT STOCK,False
2025-12-13,SKU04946,83,0,7,59,12,SUFFICIENT STOCK,False
2025-12-21,SKU04947,413,0,7,267,98,SUFFICIENT STOCK,False
2025-12-31,SKU04948,327,0,7,204,66,SUFFICIENT STOCK,False
2025-12-13,SKU04950,162,0,7,199,90,REORDER REQUIRED,True
2025-11-26,SKU04951,8,0,7,98,26,REORDER REQUIRED,True
2025-11-29,SKU04952,206,0,7,94,31,SUFFICIENT STOCK,False
2025-12-12,SKU04953,157,0,7,274,86,REORDER REQUIRED,True
2025-12-28,SKU04954,333,0,7,133,47,SUFFICIENT STOCK,False
2025-12-26,SKU04955,5526,0,7,1276,473,SUFFICIENT STOCK,False
2025-12-31,SKU04957,64,0,7,131,47,REORDER REQUIRED,True
2025-12-25,SKU04958,141,0,7,96,43,SUFFICIENT STOCK,False
2025-12-18,SKU04959,425,0,7,154,64,SUFFICIENT STOCK,False
2025-12-23,SKU04960,106,0,7,61,21,SUFFICIENT STOCK,False
2025-12-17,SKU04961,247,0,7,121,31,SUFFICIENT STOCK,False
2025-12-09,SKU04962,478,0,7,316,112,SUFFICIENT STOCK,False
2025-12-24,SKU04963,91,0,7,32,10,SUFFICIENT STOCK,False
2025-12-03,SKU04964,392,0,7,162,73,SUFFICIENT STOCK,False
2025-12-25,SKU04965,266,0,7,123,35,SUFFICIENT STOCK,False
2025-12-26,SKU04966,112,0,7,55,26,SUFFICIENT STOCK,False
2025-11-29,SKU04967,275,0,7,131,57,SUFFICIENT STOCK,False
2025-12-31,SKU04968,102,0,7,114,35,REORDER REQUIRED,True
2025-12-28,SKU04969,48,0,7,64,28,REORDER REQUIRED,True
2025-12-19,SKU04970,335,0,7,190,64,SUFFICIENT STOCK,False
2025-12-22,SKU04971,580,0,7,208,68,SUFFICIENT STOCK,False
2025-11-19,SKU04972,407,0,7,145,50,SUFFICIENT STOCK,False
2025-12-21,SKU04973,156,0,7,77,22,SUFFICIENT STOCK,False
2025-12-14,SKU04974,220,0,7,105,43,SUFFICIENT STOCK,False
2025-11-25,SKU04975,10,0,7,23,6,REORDER REQUIRED,True
2025-12-17,SKU04977,160,0,7,97,32,SUFFICIENT STOCK,False
2025-11-13,SKU04978,22,0,7,96,30,REORDER REQUIRED,True
2025-12-23,SKU04979,76,0,7,50,25,SUFFICIENT STOCK,False
2025-12-09,SKU04980,86,0,7,39,13,SUFFICIENT STOCK,False
2025-11-21,SKU04981,89,0,7,44,14,SUFFICIENT STOCK,False
2025-11-08,SKU04982,92,0,7,43,19,SUFFICIENT STOCK,False
2025-12-25,SKU04983,251,0,7,198,76,SUFFICIENT STOCK,True
2025-11-29,SKU04984,246,0,7,150,54,SUFFICIENT STOCK,False
2025-12-25,SKU04985,476,0,7,264,88,SUFFICIENT STOCK,False
2025-12-21,SKU04986,73,0,7,124,46,REORDER REQUIRED,True
2025-08-17,SKU04987,8769,0,7,1975,716,SUFFICIENT STOCK,False
2025-12-26,SKU04988,189,0,7,75,25,SUFFICIENT STOCK,False
2025-12-14,SKU04989,449,0,7,228,76,SUFFICIENT STOCK,False
2025-12-23,SKU04990,130,0,7,133,50,REORDER REQUIRED,True
2025-12-22,SKU04991,366,0,7,221,97,SUFFICIENT STOCK,False
2025-12-04,SKU04992,78,0,7,45,21,SUFFICIENT STOCK,False
2025-11-30,SKU04993,39,0,7,48,10,REORDER REQUIRED,True
2025-11-25,SKU04994,78,0,7,92,41,REORDER REQUIRED,True
2025-11-25,SKU04995,254,0,7,104,27,SUFFICIENT STOCK,False
2025-08-26,SKU04996,5678,0,7,1228,453,SUFFICIENT STOCK,False
2025-11-13,SKU04997,246,0,7,171,52,SUFFICIENT STOCK,False
2025-12-13,SKU04998,115,0,7,60,26,SUFFICIENT STOCK,False
2025-12-18,SKU04999,71,0,7,117,47,REORDER REQUIRED,True
2025-12-25,SKU05000,4804,0,7,1120,393,SUFFICIENT STOCK,False
